gaze s1,Cara,290902,291657,background wall
gaze s1,Cara,291657,293076,face s3
gaze s1,Cara,293076,298161,body s3
gaze s1,Cara,298161,298715,background floor
gaze s1,Cara,298718,300832,face s3
gaze s1,Cara,300832,300997,body s3
gaze s1,Cara,300997,303681,face s3
gaze s1,Cara,303681,304622,background own body
gaze s1,Cara,304622,313374,face s1
gaze s1,Cara,313374,314919,NA
gaze s1,Cara,314919,317036,face s3
gaze s1,Cara,317036,318687,background wall
gaze s1,Cara,318687,319721,background ceiling
gaze s1,Cara,319721,320451,face s3
gaze s1,Cara,320451,320679,background floor
gaze s1,Cara,320679,320817,body s3
gaze s1,Cara,320817,324198,face s3
gaze s1,Cara,324198,327243,face s2
gaze s1,Cara,327243,328326,face s3
gaze s1,Cara,328326,328804,background floor
gaze s1,Cara,328804,330985,face s3
gaze s1,Cara,330985,331162,NA
gaze s1,Cara,331162,332161,face s3
gaze s1,Cara,332161,332400,background floor
gaze s1,Cara,332400,335795,face s3
gaze s1,Cara,335795,343915,NA
gaze s1,Cara,343915,344846,face s3
gaze s1,Cara,344846,347502,background floor
gaze s1,Cara,347502,349889,face s3
gaze s1,Cara,349889,350179,NA
gaze s1,Cara,350179,350699,background wall
gaze s1,Cara,350704,351181,face s3
gaze s1,Cara,351181,352127,face s2
gaze s1,Cara,352127,353480,background wall
gaze s1,Cara,353480,353784,background ceiling
gaze s1,Cara,353784,355306,background wall
gaze s1,Cara,355306,356285,face s2
gaze s1,Cara,356285,357926,background wall
gaze s1,Cara,357926,359218,face s3
gaze s1,Cara,359218,360528,background wall
gaze s1,Cara,360528,365599,face s3
gaze s1,Cara,365599,365966,background own body
gaze s1,Cara,365966,369533,face s3
gaze s1,Cara,369533,369726,background wall
gaze s1,Cara,369726,372353,background eyes closed
gaze s1,Cara,372353,376067,background wall
gaze s1,Cara,376067,376809,face s3
gaze s1,Cara,376809,377793,background window
gaze s1,Cara,377793,379628,background floor
gaze s1,Cara,379628,379967,background eyes closed
gaze s1,Cara,379970,380483,body s3
gaze s1,Cara,380483,383042,face s3 
gaze s1,Cara,383042,383400,background eyes closed
gaze s1,Cara,383400,383846,background window
gaze s1,Cara,383846,384117,background wall
gaze s1,Cara,384117,385082,background window
gaze s1,Cara,385082,387800,face s3
gaze s1,Cara,387800,388723,background window
gaze s1,Cara,388723,389520,background ceiling
gaze s1,Cara,389520,390414,background floor
gaze s1,Cara,390414,391233,background window
gaze s1,Cara,391233,392280,background wall
gaze s1,Cara,392280,395357,face s3
gaze s1,Cara,395357,396119,background window
gaze s1,Cara,396119,396562,background wall
gaze s1,Cara,396562,397158,body s3
gaze s1,Cara,397158,398112,face s3
gaze s1,Cara,398112,398648,face s2
gaze s1,Cara,398649,401295,face s3
gaze s1,Cara,401295,402263,background wall
gaze s1,Cara,402263,402528,background window
gaze s1,Cara,402528,403944,background eyes closed
gaze s1,Cara,403944,404075,face s3
gaze s1,Cara,404076,404676,face s2
gaze s1,Cara,404676,407380,face s3
gaze s1,Cara,407380,408124,background wall
gaze s1,Cara,408124,409610,face s3
gaze s1,Cara,409610,409768,background wall
gaze s1,Cara,409769,411619,face s3
gaze s1,Cara,411619,415810,NA
gaze s1,Cara,415810,424357,face s2
gaze s1,Cara,424357,425411,face s3
gaze s1,Cara,425411,426728,face s2
gaze s1,Cara,426728,427238,body s2
gaze s1,Cara,427238,430324,face s2
gaze s1,Cara,430324,430558,body s2
gaze s1,Cara,430558,436961,face s2
gaze s1,Cara,436961,437962,NA
gaze s1,Cara,437962,438228,face s2
gaze s1,Cara,438228,439123,face s3
gaze s1,Cara,439123,439853,face s2
gaze s1,Cara,439853,442004,face s3
gaze s1,Cara,442006,444927,face s2
gaze s1,Cara,444927,447111,background eyes closed
gaze s1,Cara,447111,447285,background wall
gaze s1,Cara,447285,448453,face s2
gaze s1,Cara,448453,449881,NA
gaze s1,Cara,449881,450037,face s3
gaze s1,Cara,450037,450847,NA
gaze s1,Cara,450851,451160,face s2
gaze s1,Cara,451160,452755,NA
gaze s1,Cara,452755,453364,face s3
gaze s1,Cara,453364,454039,face s2
gaze s1,Cara,454039,455357,face s3
gaze s1,Cara,455357,456024,background window
gaze s1,Cara,456024,456202,background eyes closed
gaze s1,Cara,456202,456456,face s3
gaze s1,Cara,456456,457179,face s2
gaze s1,Cara,457179,457723,NA
gaze s1,Cara,457723,458304,background wall
gaze s1,Cara,458304,463350,face s2
gaze s1,Cara,463350,464988,face s3
gaze s1,Cara,464989,467167,background own body
gaze s1,Cara,467167,470721,NA
gaze s1,Cara,470721,472941,background window
gaze s1,Cara,472941,475279,face s3
gaze s1,Cara,475279,479044,background camera
gaze s1,Cara,479047,479800,background wall
gaze s1,Cara,479800,482188,NA
gaze s1,Cara,482189,482657,background wall
gaze s1,Cara,482657,484672,face s3
gaze s1,Cara,484672,487119,face s2
gaze s1,Cara,487119,488208,face s3
gaze s1,Cara,488208,488623,background wall
gaze s1,Cara,488623,490467,background ceiling
gaze s1,Cara,490467,491574,background own body
gaze s1,Cara,491574,492379,face s3
gaze s1,Cara,492379,493961,face s2
gaze s1,Cara,493961,494211,body s2
gaze s1,Cara,494211,496452,face s2
gaze s1,Cara,496452,496680,NA
gaze s1,Cara,496680,497200,face s3
gaze s1,Cara,497200,498213,face s2
gaze s1,Cara,498213,500217,face s3
gaze s1,Cara,500217,501096,face s2
gaze s1,Cara,501096,502312,face s3
gaze s1,Cara,502312,503201,face s2
gaze s1,Cara,503201,506412,face s3
gaze s1,Cara,506412,507679,background own body
gaze s1,Cara,507680,513531,face s3 
gaze s1,Cara,513531,515012,background wall
gaze s1,Cara,515012,519484,NA
gaze s1,Cara,519484,520198,background wall
gaze s1,Cara,520198,520598,NA
gaze s1,Cara,520598,522881,background wall
gaze s1,Cara,522881,524728,face s3
gaze s1,Cara,524728,526719,background wall
gaze s1,Cara,526719,527251,NA
gaze s1,Cara,527251,528725,background wall
gaze s1,Cara,528725,533143,NA
gaze s1,Cara,533143,536064,background floor
gaze s1,Cara,536064,536246,NA
gaze s1,Cara,536246,536474,background wall
gaze s1,Cara,536474,537082,background wall
gaze s1,Cara,537082,537283,face s3
gaze s1,Cara,537283,538040,NA
gaze s1,Cara,538040,539217,face s3
gaze s1,Cara,539217,540384,background own body
gaze s1,Cara,540384,541555,face s3
gaze s1,Cara,541555,541997,body s3
gaze s1,Cara,541997,545307,face s3
gaze s1,Cara,545310,545447,body s3
gaze s1,Cara,545451,546656,face s3
gaze s1,Cara,546656,548203,background window
gaze s1,Cara,548206,548847,background wall
gaze s1,Cara,548847,549565,face s2
gaze s1,Cara,549565,550967,face s3
gaze s1,Cara,550967,552239,face s2
gaze s1,Cara,552239,552439,body s2
gaze s1,Cara,552439,552681,body s3
gaze s1,Cara,552681,553763,background window
gaze s1,Cara,553764,557807,face s3
gaze s1,Cara,557807,559160,background eyes closed
gaze s1,Cara,559160,559518,face s3
gaze s1,Cara,559518,559766,background wall
gaze s1,Cara,559767,561165,background window
gaze s1,Cara,561165,562642,face s3
gaze s1,Cara,562642,564358,face s2
gaze s1,Cara,564358,565482,face s3
gaze s1,Cara,565482,566852,background window
gaze s1,Cara,566852,569053,face s3
gaze s1,Cara,569054,569681,face s2
gaze s1,Cara,569681,572085,face s3
gaze s1,Cara,572085,574968,background floor
gaze s1,Cara,574968,576569,face s3
gaze s1,Cara,576569,576871,body s3
gaze s1,Cara,576871,577882,face s3
gaze s1,Cara,577882,578122,NA
gaze s1,Cara,578123,583074,face s3
gaze s1,Cara,583074,583886,background window
gaze s1,Cara,583886,586046,face s3
gaze s1,Cara,586046,587453,face s2
gaze s1,Cara,587453,589279,face s3
gaze s1,Cara,589279,589779,background wall
gaze s1,Cara,589779,590313,body s2
gaze s1,Cara,590313,591184,background eyes closed
gaze s1,Cara,591184,592506,background wall
gaze s1,Cara,592506,593318,NA
gaze s1,Cara,593318,593665,background wall
gaze s1,Cara,593667,595384,background ceiling
gaze s1,Cara,595384,596563,background wall
gaze s1,Cara,596563,596966,face s3
gaze s1,Cara,596966,598494,background wall
gaze s1,Cara,598496,598866,face s3
gaze s1,Cara,598866,600202,background window
gaze s1,Cara,600205,600526,face s3
gaze s1,Cara,600526,600885,background wall
gaze s1,Cara,600885,604961,face s3
gaze s1,Cara,604963,606231,face s2
gaze s1,Cara,606231,609872,NA
gaze s1,Cara,609873,612230,face s3
gaze s1,Cara,612230,613365,NA
gaze s1,Cara,613366,613860,background wall
gaze s1,Cara,613860,616749,background floor
gaze s1,Cara,616749,618006,face s3
gaze s1,Cara,618006,619930,background window
gaze s1,Cara,619931,622220,face s3
gaze s1,Cara,622221,622729,background own body
gaze s1,Cara,622729,623964,face s3
gaze s1,Cara,623964,624323,body s3
gaze s1,Cara,624326,625678,background ceiling
gaze s1,Cara,625678,626965,face s3
gaze s1,Cara,626968,627988,background own body
gaze s1,Cara,627988,628132,body s3
gaze s1,Cara,628132,629376,background window
gaze s1,Cara,629376,635680,face s3
gaze s1,Cara,635680,637842,face s2
gaze s1,Cara,637842,637981,background wall
gaze s1,Cara,637981,638666,NA
gaze s1,Cara,638666,639132,background wall
gaze s1,Cara,639132,639922,face s3
gaze s1,Cara,639922,640568,face s2
gaze s1,Cara,640568,643641,face s3
gaze s1,Cara,643641,644126,background eyes closed
gaze s1,Cara,644128,649767,face s3
gaze s1,Cara,649767,650165,background floor
gaze s1,Cara,650165,652536,face s3
gaze s1,Cara,652539,653442,NA
gaze s1,Cara,653443,654105,background window
gaze s1,Cara,654105,656441,face s3
gaze s1,Cara,656441,658017,NA
gaze s1,Cara,658017,658770,background wall
gaze s1,Cara,658770,662043,background floor
gaze s1,Cara,662043,664364,face s3
gaze s1,Cara,664364,664600,NA
gaze s1,Cara,664600,668329,face s3
gaze s1,Cara,668329,669285,background wall
gaze s1,Cara,669285,669660,face s3
gaze s1,Cara,669661,670711,background window
gaze s1,Cara,670711,673052,face s3
gaze s1,Cara,673052,673482,NA
gaze s1,Cara,673482,674563,face s2
gaze s1,Cara,674563,681313,face s3
gaze s1,Cara,681313,682207,background wall
gaze s1,Cara,682207,683602,face s3
gaze s1,Cara,683602,683747,NA
gaze s1,Cara,683747,688887,face s3
gaze s1,Cara,688887,689327,NA
gaze s1,Cara,689327,692006,face s3
gaze s1,Cara,692006,692248,background wall
gaze s1,Cara,692248,693003,face s3
gaze s1,Cara,693003,697607,NA
gaze s1,Cara,697607,699034,background ceiling
gaze s1,Cara,699034,700690,NA
gaze s1,Cara,700690,708707,face s2
gaze s1,Cara,708710,709403,face s3
gaze s1,Cara,709403,711836,face s2
gaze s1,Cara,711836,712369,face s3
gaze s1,Cara,712369,714894,face s2
gaze s1,Cara,714894,715322,body s2
gaze s1,Cara,715322,717015,face s2
gaze s1,Cara,717015,717472,face s3
gaze s1,Cara,717474,721226,face s2
gaze s1,Cara,721227,721491,gestures s2
gaze s1,Cara,721491,722438,face s2
gaze s1,Cara,722438,723026,background eyes closed
gaze s1,Cara,723026,723915,face s2
gaze s1,Cara,723915,724602,face s3
gaze s1,Cara,724602,724918,background wall
gaze s1,Cara,724918,725482,face s2
gaze s1,Cara,725482,727674,face s3
gaze s1,Cara,727674,728317,face s2
gaze s1,Cara,728317,729688,face s3
gaze s1,Cara,729688,730288,face s2
gaze s1,Cara,730288,731235,NA
gaze s1,Cara,731235,731812,face s3
gaze s1,Cara,731812,733727,background floor
gaze s1,Cara,733727,734866,face s2
gaze s1,Cara,734868,735194,body s2
gaze s1,Cara,735194,739210,face s2
gaze s1,Cara,739210,739970,background wall
gaze s1,Cara,739970,745007,face s2
gaze s1,Cara,745007,745476,NA
gaze s1,Cara,745476,749499,face s2
gaze s1,Cara,749499,750491,NA
gaze s1,Cara,750491,750682,body s2
gaze s1,Cara,750685,752757,face s2
gaze s1,Cara,752758,753636,background eyes closed
gaze s1,Cara,753636,755371,face s2
gaze s1,Cara,755371,755846,face s3
gaze s1,Cara,755848,758209,face s2
gaze s1,Cara,758209,758555,NA
gaze s1,Cara,758555,758922,face s2
gaze s1,Cara,758922,760689,face s3
gaze s1,Cara,760690,767606,face s2
gaze s1,Cara,767606,768170,background eyes closed
gaze s1,Cara,768170,772064,face s2
gaze s1,Cara,772064,772885,NA
gaze s1,Cara,772885,773118,face s2
gaze s1,Cara,773118,775299,face s3
gaze s1,Cara,775299,776805,face s2
gaze s1,Cara,776805,777891,face s3
gaze s1,Cara,777891,778640,face s2
gaze s1,Cara,778640,779554,NA
gaze s1,Cara,779554,779882,background floor
gaze s1,Cara,779882,780361,NA
gaze s1,Cara,780361,784201,face s2
gaze s1,Cara,784201,784821,NA
gaze s1,Cara,784821,785897,face s2
gaze s1,Cara,785897,786761,body s2
gaze s1,Cara,786762,788403,face s2
gaze s1,Cara,788403,788769,background ceiling
gaze s1,Cara,788769,789277,face s3
gaze s1,Cara,789277,794676,face s2
gaze s1,Cara,794678,797359,background floor
gaze s1,Cara,797359,799721,face s3
gaze s1,Cara,799721,801297,background floor
gaze s1,Cara,801297,802734,face s2
gaze s1,Cara,802735,803600,NA
gaze s1,Cara,803600,808606,face s2
gaze s1,Cara,808606,810722,NA
gaze s1,Cara,810722,813248,face s2
gaze s1,Cara,813248,813734,face s3
gaze s1,Cara,813734,814443,background window
gaze s1,Cara,814443,815363,face s3
gaze s1,Cara,815363,816469,face s2
gaze s1,Cara,816469,816629,body s2
gaze s1,Cara,816629,825452,face s2
gaze s1,Cara,825452,826017,background eyes closed
gaze s1,Cara,826017,842318,face s2 
gaze s1,Cara,842318,842996,background eyes closed
gaze s1,Cara,842996,848090,face s2 
gaze s1,Cara,848090,848594,background eyes closed
gaze s1,Cara,848594,849886,face s2
gaze s1,Cara,849886,851240,NA
gaze s1,Cara,851240,851447,face s3
gaze s1,Cara,851447,851964,face s2
gaze s1,Cara,851964,853258,background window
gaze s1,Cara,853258,853723,face s3
gaze s1,Cara,853723,854877,face s2
gaze s1,Cara,854877,858688,background window
gaze s1,Cara,858688,859326,face s3
gaze s1,Cara,859326,859740,background wall
gaze s1,Cara,859740,864932,NA 
gaze s1,Cara,864933,866043,background wall
gaze s1,Cara,866043,867422,NA
gaze s1,Cara,867422,868927,face s3
gaze s1,Cara,868927,870264,background wall
gaze s1,Cara,870264,870571,background floor
gaze s1,Cara,870572,872241,NA
gaze s1,Cara,872241,872462,background wall
gaze s1,Cara,872462,873342,face s3
gaze s1,Cara,873342,877439,NA
gaze s1,Cara,877439,877768,face s3
gaze s1,Cara,877768,879113,NA
gaze s1,Cara,879113,879243,background wall
gaze s1,Cara,879243,882989,NA
gaze s1,Cara,882989,886192,background floor
gaze s1,Cara,886192,888201,face s3
gaze s1,Cara,888201,900332,face s2
gaze s1,Cara,900332,900501,NA
gaze s1,Cara,900501,906804,face s2
gaze s1,Cara,906804,907766,background wall
gaze s1,Cara,907766,908837,face s3
gaze s1,Cara,908837,911156,face s2
gaze s1,Cara,911156,911440,face s3
gaze s1,Cara,911440,913089,face s2
gaze s1,Cara,913089,914564,face s3
gaze s1,Cara,914566,915475,face s2
gaze s1,Cara,915475,916285,face s3
gaze s1,Cara,916287,916752,NA
gaze s1,Cara,916752,917557,face s2
gaze s1,Cara,917557,918082,face s3
gaze s1,Cara,918082,922000,background window
gaze s1,Cara,922000,922437,face s3
gaze s1,Cara,922437,924051,face s2
gaze s1,Cara,924051,928404,face s3
gaze s1,Cara,928404,929156,background wall
gaze s1,Cara,929156,929527,background floor
gaze s1,Cara,929529,930814,background wall
gaze s1,Cara,930816,933364,face s3
gaze s1,Cara,933364,934001,face s2
gaze s1,Cara,934001,935384,face s3
gaze s1,Cara,935384,935748,background window
gaze s1,Cara,935748,936392,NA
gaze s1,Cara,936392,937369,face s3
gaze s1,Cara,937369,937987,body s3
gaze s1,Cara,937987,941368,face s3
gaze s1,Cara,941368,942007,background window
gaze s1,Cara,942008,943044,face s3
gaze s1,Cara,943044,944501,face s2
gaze s1,Cara,944502,950498,face s3
gaze s1,Cara,950500,950724,face s2
gaze s1,Cara,950724,953119,face s3
gaze s1,Cara,953119,953362,background floor
gaze s1,Cara,953362,955578,NA
gaze s1,Cara,955578,957399,face s3
gaze s1,Cara,957399,959923,background window
gaze s1,Cara,959923,960043,NA
gaze s1,Cara,960044,962456,face s3
gaze s1,Cara,962456,963126,background wall
gaze s1,Cara,963126,963929,NA
gaze s1,Cara,963929,964243,background wall
gaze s1,Cara,964244,965282,NA
gaze s1,Cara,965282,967408,background floor
gaze s1,Cara,967408,968446,background ceiling
gaze s1,Cara,968446,971289,face s3
gaze s1,Cara,971289,971924,background wall
gaze s1,Cara,971924,972366,face s3
gaze s1,Cara,972366,976487,background wall
gaze s1,Cara,976487,977575,face s3
gaze s1,Cara,977575,979407,background wall
gaze s1,Cara,979407,979928,background window
gaze s1,Cara,979928,980079,face s3
gaze s1,Cara,980079,981826,NA
gaze s1,Cara,981827,982168,face s3
gaze s1,Cara,982168,982646,background wall
gaze s1,Cara,982646,983093,background window
gaze s1,Cara,983093,983400,face s3
gaze s1,Cara,983400,987133,NA
gaze s1,Cara,987133,988723,face s3
gaze s1,Cara,988723,992923,background window
gaze s1,Cara,992923,994138,background wall
gaze s1,Cara,994138,994758,background window
gaze s1,Cara,994758,996475,face s3
gaze s1,Cara,996475,997522,background wall
gaze s1,Cara,997522,999770,body s3
gaze s1,Cara,999770,1000226,face s3
gaze s1,Cara,1000226,1000542,body s3
gaze s1,Cara,1000542,1001562,face s3
gaze s1,Cara,1001562,1003860,background floor
gaze s1,Cara,1003860,1004732,face s3
gaze s1,Cara,1004732,1006482,body s3
gaze s1,Cara,1006482,1007119,background wall
gaze s1,Cara,1007119,1009232,body s3
gaze s1,Cara,1009232,1011480,face s3
gaze s1,Cara,1011480,1011920,NA
gaze s1,Cara,1011920,1012924,background window
gaze s1,Cara,1012924,1014754,background ceiling
gaze s1,Cara,1014754,1016013,background wall
gaze s1,Cara,1016013,1018765,face s3
gaze s1,Cara,1018766,1019005,NA
gaze s1,Cara,1019005,1020441,background wall
gaze s1,Cara,1020441,1021238,face s3
gaze s1,Cara,1021238,1024393,background floor
gaze s1,Cara,1024393,1025645,face s3
gaze s1,Cara,1025645,1026897,background window
gaze s1,Cara,1026897,1029161,body s3
gaze s1,Cara,1029161,1029339,face s3
gaze s1,Cara,1029341,1029914,NA
gaze s1,Cara,1029914,1031404,face s3
gaze s1,Cara,1031404,1032760,face s2
gaze s1,Cara,1032761,1033706,face s3
gaze s1,Cara,1033706,1036004,background window
gaze s1,Cara,1036007,1037665,background floor
gaze s1,Cara,1037665,1038649,face s3
gaze s1,Cara,1038649,1039486,background window
gaze s1,Cara,1039486,1040686,background wall
gaze s1,Cara,1040686,1043100,face s3
gaze s1,Cara,1043100,1043960,body s3
gaze s1,Cara,1043962,1044235,background eyes closed
gaze s1,Cara,1044235,1044885,background window
gaze s1,Cara,1044885,1045237,body s3
gaze s1,Cara,1045237,1047530,face s3
gaze s1,Cara,1047530,1048080,background window
gaze s1,Cara,1048081,1050163,face s3
gaze s1,Cara,1050163,1052146,background own body
gaze s1,Cara,1052146,1053265,NA
gaze s1,Cara,1053265,1053643,face s3
gaze s1,Cara,1053643,1055037,background ceiling
gaze s1,Cara,1055038,1056391,background window
gaze s1,Cara,1056391,1056758,background wall
gaze s1,Cara,1056758,1057803,face s3
gaze s1,Cara,1057803,1059433,NA
gaze s1,Cara,1059433,1059686,background ceiling
gaze s1,Cara,1059686,1060704,background wall
gaze s1,Cara,1060704,1061167,background own body
gaze s1,Cara,1061167,1062557,background eyes closed
gaze s1,Cara,1062557,1063477,face s3
gaze s1,Cara,1063477,1066343,background floor
gaze s1,Cara,1066343,1066639,body s3
gaze s1,Cara,1066639,1067400,face s3
gaze s1,Cara,1067400,1071837,background wall
gaze s1,Cara,1071837,1072363,NA
gaze s1,Cara,1072363,1075397,background wall
gaze s1,Cara,1075397,1076570,NA
gaze s1,Cara,1076570,1077651,background wall
gaze s1,Cara,1077652,1078440,face s3
gaze s1,Cara,1078440,1078966,background wall
gaze s1,Cara,1078966,1080235,NA
gaze s1,Cara,1080235,1080839,face s3
gaze s1,Cara,1080839,1081518,NA
gaze s1,Cara,1081518,1082459,background window
gaze s1,Cara,1082461,1082975,background camera
gaze s1,Cara,1082975,1083694,background floor
gaze s1,Cara,1083694,1084743,NA
gaze s1,Cara,1084743,1085126,face s2
gaze s1,Cara,1085129,1089004,NA
gaze s1,Cara,1089004,1093642,background close s3
gaze s1,Cara,1093642,1093969,face s3
gaze s1,Cara,1093969,1096046,NA
gaze s1,Cara,1096046,1098104,background ceiling
gaze s1,Cara,1098104,1098321,background wall
gaze s1,Cara,1098321,1098487,face s3
gaze s1,Cara,1098489,1098768,NA
gaze s1,Cara,1098768,1102404,face s3
gaze s1,Cara,1102404,1102925,body s3
gaze s1,Cara,1102925,1103811,face s3
gaze s1,Cara,1103811,1105524,face s2
gaze s1,Cara,1105524,1107884,face s3
gaze s1,Cara,1107884,1110886,background floor
gaze s1,Cara,1110886,1113373,face s3
gaze s1,Cara,1113373,1114622,background floor
gaze s1,Cara,1114622,1115771,face s3
gaze s1,Cara,1115773,1116223,background window
gaze s1,Cara,1116224,1117214,background floor
gaze s1,Cara,1117214,1118490,face s3
gaze s1,Cara,1118490,1118850,body s2
gaze s1,Cara,1118850,1119680,face s3
gaze s1,Cara,1119680,1120293,background window
gaze s1,Cara,1120293,1120815,background wall
gaze s1,Cara,1120815,1122085,face s3
gaze s1,Cara,1122085,1123966,background wall
gaze s1,Cara,1123966,1124521,face s3
gaze s1,Cara,1124521,1124997,background wall
gaze s1,Cara,1124997,1125242,face s2
gaze s1,Cara,1125242,1126089,face s3
gaze s1,Cara,1126089,1126327,body s3
gaze s1,Cara,1126327,1128433,background floor
gaze s1,Cara,1128433,1128631,NA
gaze s1,Cara,1128631,1129002,face s3
gaze s1,Cara,1129002,1129442,NA
gaze s1,Cara,1129442,1130611,background wall
gaze s1,Cara,1130611,1132251,face s3
gaze s1,Cara,1132251,1132903,NA
gaze s1,Cara,1132906,1134198,background window
gaze s1,Cara,1134198,1134553,background wall
gaze s1,Cara,1134553,1137280,face s3
gaze s1,Cara,1137280,1139322,face s2
gaze s1,Cara,1139322,1139644,face s3
gaze s1,Cara,1139644,1141291,face s2
gaze s1,Cara,1141291,1142742,face s3
gaze s1,Cara,1142742,1143769,NA
gaze s1,Cara,1143769,1143970,body s2
gaze s1,Cara,1143970,1145488,NA
gaze s1,Cara,1145488,1146574,background wall
gaze s1,Cara,1146574,1150652,face s3
gaze s1,Cara,1150652,1151477,background wall
gaze s1,Cara,1151477,1152241,NA
gaze s1,Cara,1152241,1153568,face s3
gaze s1,Cara,1153568,1154832,face s2
gaze s1,Cara,1154832,1155846,face s3
gaze s1,Cara,1155846,1156079,body s3
gaze s1,Cara,1156079,1156768,face s3
gaze s1,Cara,1156768,1157494,face s2
gaze s1,Cara,1157494,1157675,body s2
gaze s1,Cara,1157675,1158315,face s2
gaze s1,Cara,1158315,1158842,NA
gaze s1,Cara,1158842,1159165,face s3
gaze s1,Cara,1159165,1159518,NA
gaze s1,Cara,1159518,1160276,face s2
gaze s1,Cara,1160276,1161365,face s3
gaze s1,Cara,1161365,1161874,NA
gaze s1,Cara,1161874,1164281,face s3
gaze s1,Cara,1164281,1167321,NA
gaze s1,Cara,1167321,1167682,background wall
gaze s1,Cara,1167682,1169289,face s2
gaze s1,Cara,1169289,1169770,background wall
gaze s1,Cara,1169770,1170370,face s3
gaze s1,Cara,1170371,1171503,background window
gaze s1,Cara,1171503,1171919,background camera
gaze s1,Cara,1171919,1172653,background floor
gaze s1,Cara,1172653,1173090,background wall
gaze s1,Cara,1173090,1174368,face s3
gaze s1,Cara,1174368,1174851,face s2
gaze s1,Cara,1174851,1176246,NA
gaze s1,Cara,1176247,1176482,background wall
gaze s1,Cara,1176482,1176982,face s3
gaze s1,Cara,1176982,1178234,NA
gaze s1,Cara,1178234,1184479,face s2
gaze s1,Cara,1184479,1185681,NA
gaze s1,Cara,1185681,1185963,background wall
gaze s1,Cara,1185963,1186124,NA
gaze s1,Cara,1186124,1186284,background wall
gaze s1,Cara,1186284,1186763,face s2
gaze s1,Cara,1186763,1188131,NA
gaze s1,Cara,1188131,1188527,face s2
gaze s1,Cara,1188527,1188750,face s3
gaze s1,Cara,1188750,1190330,face s2
gaze s1,Cara,1190330,1191292,NA
gaze s1,Cara,1191292,1191602,background wall
gaze s1,Cara,1191602,1194119,NA
gaze s1,Cara,1194119,1194484,face s2
gaze s1,Cara,1194484,1194709,NA
gaze s1,Cara,1194711,1195560,face s3
gaze s1,Cara,1195560,1196514,NA
gaze s1,Cara,1196514,1198015,background wall
gaze s1,Cara,1198015,1198538,NA
gaze s1,Cara,1198538,1200139,background wall
gaze s2,Susan,294726,299247,face s3
gaze s2,Susan,299247,301883,gestures s3
gaze s2,Susan,301883,303040,face s3
gaze s2,Susan,303040,303488,body s3
gaze s2,Susan,303488,310834,face s3
gaze s2,Susan,310834,311156,background wall
gaze s2,Susan,311156,316645,face s1
gaze s2,Susan,316645,317232,body s1
gaze s2,Susan,317232,323296,face s1
gaze s2,Susan,323296,323958,body s1
gaze s2,Susan,323958,324470,NA
gaze s2,Susan,324470,324727,background camera
gaze s2,Susan,324727,325128,face s1
gaze s2,Susan,325128,325568,background wall
gaze s2,Susan,325568,326119,face s1
gaze s2,Susan,326119,326601,NA
gaze s2,Susan,326601,327201,face s1
gaze s2,Susan,327201,328727,NA
gaze s2,Susan,328727,329601,face s1
gaze s2,Susan,329601,329833,background wall
gaze s2,Susan,329833,330082,face s1
gaze s2,Susan,330082,335374,body s1
gaze s2,Susan,335374,337361,NA
gaze s2,Susan,337361,339734,background camera
gaze s2,Susan,339734,341521,background wall
gaze s2,Susan,341521,342566,face s3
gaze s2,Susan,342566,344164,background wall
gaze s2,Susan,344164,345448,face s3
gaze s2,Susan,345448,346284,NA
gaze s2,Susan,346284,348961,face s1
gaze s2,Susan,348961,349242,NA
gaze s2,Susan,349242,351806,face s1
gaze s2,Susan,351806,352043,NA
gaze s2,Susan,352043,353242,face s1
gaze s2,Susan,353242,353521,NA
gaze s2,Susan,353521,353909,face s1
gaze s2,Susan,353909,354125,body s1
gaze s2,Susan,354126,355845,face s1
gaze s2,Susan,355845,356403,background floor
gaze s2,Susan,356403,357202,NA
gaze s2,Susan,357202,358769,face s1
gaze s2,Susan,358769,366245,face s3
gaze s2,Susan,366245,366801,background window
gaze s2,Susan,366801,368042,face s1
gaze s2,Susan,368042,368404,background wall
gaze s2,Susan,368404,368807,face s3
gaze s2,Susan,368807,369241,background wall
gaze s2,Susan,369241,371285,face s3
gaze s2,Susan,371285,371611,NA
gaze s2,Susan,371611,371882,face s3
gaze s2,Susan,371882,372605,NA
gaze s2,Susan,372606,375643,face s3
gaze s2,Susan,375643,376049,background wall
gaze s2,Susan,376049,376248,face s3
gaze s2,Susan,376249,377682,background wall
gaze s2,Susan,377682,378058,face s3
gaze s2,Susan,378058,378437,background wall
gaze s2,Susan,378437,379245,face s3
gaze s2,Susan,379245,379601,background wall
gaze s2,Susan,379601,381323,face s1
gaze s2,Susan,381323,381800,NA
gaze s2,Susan,381800,383140,face s1
gaze s2,Susan,383140,385853,body s1
gaze s2,Susan,385853,387717,face s1
gaze s2,Susan,387717,389002,body s1
gaze s2,Susan,389002,389804,background wall
gaze s2,Susan,389805,391148,face s1
gaze s2,Susan,391148,391766,NA
gaze s2,Susan,391766,392443,face s1
gaze s2,Susan,392444,392976,background wall
gaze s2,Susan,392977,393213,body s1
gaze s2,Susan,393215,394052,face s1
gaze s2,Susan,394052,394327,background wall
gaze s2,Susan,394328,395842,face s1
gaze s2,Susan,395842,397600,body s1
gaze s2,Susan,397600,397973,face s1
gaze s2,Susan,397973,398582,background wall
gaze s2,Susan,398582,400768,background floor
gaze s2,Susan,400768,401606,NA
gaze s2,Susan,401606,402011,background camera
gaze s2,Susan,402011,402688,body s1
gaze s2,Susan,402688,402885,face s1
gaze s2,Susan,402885,403879,body s1
gaze s2,Susan,403879,405129,face s1
gaze s2,Susan,405129,406447,background wall
gaze s2,Susan,406447,406925,NA
gaze s2,Susan,406926,407082,face s3
gaze s2,Susan,407082,407444,NA
gaze s2,Susan,407444,409927,face s3
gaze s2,Susan,409927,410084,background wall
gaze s2,Susan,410084,411404,NA
gaze s2,Susan,411404,411573,background camera
gaze s2,Susan,411573,412322,face s3
gaze s2,Susan,412322,412921,NA
gaze s2,Susan,412921,413246,face s3
gaze s2,Susan,413246,413554,NA
gaze s2,Susan,413554,413900,face s3
gaze s2,Susan,413900,415364,background wall
gaze s2,Susan,415364,415763,NA
gaze s2,Susan,415763,416362,face s1
gaze s2,Susan,416362,418321,background ceiling
gaze s2,Susan,418321,419524,NA
gaze s2,Susan,419524,421519,background floor
gaze s2,Susan,421519,422062,background camera
gaze s2,Susan,422063,424574,face s1
gaze s2,Susan,424574,425977,face s3
gaze s2,Susan,425977,426561,NA
gaze s2,Susan,426561,427084,background floor
gaze s2,Susan,427084,429292,face s1
gaze s2,Susan,429294,429719,NA
gaze s2,Susan,429719,430611,face s1
gaze s2,Susan,430611,431866,background wall
gaze s2,Susan,431866,432522,face s3
gaze s2,Susan,432522,433722,background wall
gaze s2,Susan,433724,434243,face s1
gaze s2,Susan,434245,435244,body s1
gaze s2,Susan,435244,436362,face s1
gaze s2,Susan,436363,436692,background wall
gaze s2,Susan,436692,438921,face s1
gaze s2,Susan,438921,442394,face s3
gaze s2,Susan,442399,442803,background wall
gaze s2,Susan,442803,443284,face s1
gaze s2,Susan,443284,443611,NA
gaze s2,Susan,443611,444065,face s1
gaze s2,Susan,444065,444482,background camera
gaze s2,Susan,444484,444641,face s1
gaze s2,Susan,444641,444890,background wall
gaze s2,Susan,444890,445200,NA
gaze s2,Susan,445200,445336,background wall
gaze s2,Susan,445336,445485,face s1
gaze s2,Susan,445485,445988,face s3
gaze s2,Susan,445989,448763,NA
gaze s2,Susan,448763,450366,background wall
gaze s2,Susan,450366,450521,face s1
gaze s2,Susan,450521,450923,background camera
gaze s2,Susan,450926,452165,face s3
gaze s2,Susan,452165,452641,NA
gaze s2,Susan,452641,456253,face s1
gaze s2,Susan,456254,456535,background wall
gaze s2,Susan,456535,457882,NA
gaze s2,Susan,457882,458972,background floor
gaze s2,Susan,458972,459314,background camera
gaze s2,Susan,459314,460131,background wall
gaze s2,Susan,460131,461285,face s1
gaze s2,Susan,461285,461443,NA
gaze s2,Susan,461443,461768,background wall
gaze s2,Susan,461768,465853,face s1
gaze s2,Susan,465853,466658,background wall
gaze s2,Susan,466658,466876,NA
gaze s2,Susan,466876,467805,background wall
gaze s2,Susan,467805,468125,NA
gaze s2,Susan,468125,468515,NA
gaze s2,Susan,468515,469059,face s3
gaze s2,Susan,469059,469765,NA
gaze s2,Susan,469765,470787,face s3
gaze s2,Susan,470787,471947,background wall
gaze s2,Susan,471948,473930,background floor
gaze s2,Susan,473930,476860,face s3
gaze s2,Susan,476860,477282,background ceiling
gaze s2,Susan,477282,479058,NA
gaze s2,Susan,479058,479907,background wall
gaze s2,Susan,479907,480222,face s1
gaze s2,Susan,480222,480664,background wall
gaze s2,Susan,480665,480841,face s1
gaze s2,Susan,480841,481110,background wall
gaze s2,Susan,481112,482489,face s3
gaze s2,Susan,482489,483163,background wall
gaze s2,Susan,483163,484129,face s3
gaze s2,Susan,484129,484489,NA
gaze s2,Susan,484489,484609,background wall
gaze s2,Susan,484610,484759,face s3
gaze s2,Susan,484759,484932,background wall
gaze s2,Susan,484932,485280,face s3
gaze s2,Susan,485281,485688,NA
gaze s2,Susan,485688,487238,face s3
gaze s2,Susan,487238,487648,background ceiling
gaze s2,Susan,487648,488875,NA
gaze s2,Susan,488875,490668,background floor
gaze s2,Susan,490668,491321,face s1
gaze s2,Susan,491321,491780,background own body
gaze s2,Susan,491780,492041,face s3
gaze s2,Susan,492041,492229,background wall
gaze s2,Susan,492231,492404,NA
gaze s2,Susan,492404,492765,face s3
gaze s2,Susan,492765,493242,background wall
gaze s2,Susan,493242,493854,face s3
gaze s2,Susan,493854,494007,background wall
gaze s2,Susan,494007,494210,face s3
gaze s2,Susan,494210,494617,background wall
gaze s2,Susan,494617,499644,face s1
gaze s2,Susan,499644,500825,body s1
gaze s2,Susan,500825,503604,face s1
gaze s2,Susan,503604,503937,gestures s1
gaze s2,Susan,503937,504169,face s1
gaze s2,Susan,504169,513128,face s3
gaze s2,Susan,513128,514061,gestures s3
gaze s2,Susan,514061,516220,NA
gaze s2,Susan,516220,518079,face s3
gaze s2,Susan,518079,521371,background wall
gaze s2,Susan,521371,522109,face s3
gaze s2,Susan,522109,522366,gestures s3
gaze s2,Susan,522366,523507,face s3
gaze s2,Susan,523507,523777,body s3
gaze s2,Susan,523777,526450,face s3
gaze s2,Susan,526450,526758,NA
gaze s2,Susan,526758,527804,face s3
gaze s2,Susan,527804,527923,NA
gaze s2,Susan,527923,528471,face s3
gaze s2,Susan,528471,529203,body s3
gaze s2,Susan,529203,529324,background floor
gaze s2,Susan,529324,529732,NA
gaze s2,Susan,529732,530163,face s1
gaze s2,Susan,530166,531023,face s3
gaze s2,Susan,531023,532604,NA
gaze s2,Susan,532605,534213,face s3
gaze s2,Susan,534213,534488,background wall
gaze s2,Susan,534488,534685,face s3
gaze s2,Susan,534685,534924,background wall
gaze s2,Susan,534925,536484,face s3
gaze s2,Susan,536484,537160,background wall
gaze s2,Susan,537160,537460,face s3
gaze s2,Susan,537460,538167,background wall
gaze s2,Susan,538167,538889,face s3
gaze s2,Susan,538889,539099,background wall
gaze s2,Susan,539099,541775,face s3
gaze s2,Susan,541775,543413,face s1
gaze s2,Susan,543416,543687,background wall
gaze s2,Susan,543687,545961,face s3
gaze s2,Susan,545961,546416,background ceiling
gaze s2,Susan,546416,547479,face s3
gaze s2,Susan,547479,548850,body s3
gaze s2,Susan,548850,549340,background floor
gaze s2,Susan,549340,549802,NA
gaze s2,Susan,549802,550285,face s1
gaze s2,Susan,550285,550811,body s1
gaze s2,Susan,550811,552280,face s1
gaze s2,Susan,552282,552771,body s1
gaze s2,Susan,552771,553281,face s1
gaze s2,Susan,553281,554467,body s1
gaze s2,Susan,554468,555964,face s1
gaze s2,Susan,555965,556665,body s1
gaze s2,Susan,556665,558158,face s1
gaze s2,Susan,558158,558615,body s1
gaze s2,Susan,558615,559448,face s1
gaze s2,Susan,559448,559660,body s1
gaze s2,Susan,559660,562202,face s1
gaze s2,Susan,562202,562964,face s3
gaze s2,Susan,562964,563363,background wall
gaze s2,Susan,563363,563541,face s3
gaze s2,Susan,563541,563967,background wall
gaze s2,Susan,563967,565165,NA
gaze s2,Susan,565165,565293,background wall
gaze s2,Susan,565293,568258,face s1
gaze s2,Susan,568258,568733,gestures s1
gaze s2,Susan,568733,569540,face s1
gaze s2,Susan,569540,570329,NA
gaze s2,Susan,570329,570480,background wall
gaze s2,Susan,570482,572371,face s3
gaze s2,Susan,572371,573452,face s1
gaze s2,Susan,573452,576988,background floor
gaze s2,Susan,576988,585128,face s3
gaze s2,Susan,585128,585374,gestures s3
gaze s2,Susan,585374,586088,face s3
gaze s2,Susan,586088,586322,gestures s3
gaze s2,Susan,586322,586901,face s3
gaze s2,Susan,586901,587022,gestures s3
gaze s2,Susan,587025,587528,NA
gaze s2,Susan,587528,588570,face s3
gaze s2,Susan,588572,589045,NA
gaze s2,Susan,589045,593154,face s1
gaze s2,Susan,593154,593488,background wall
gaze s2,Susan,593488,593806,NA
gaze s2,Susan,593806,594089,background wall
gaze s2,Susan,594089,594554,NA
gaze s2,Susan,594555,594967,background wall
gaze s2,Susan,594969,595491,face s3
gaze s2,Susan,595491,596014,background camera
gaze s2,Susan,596014,599040,face s1
gaze s2,Susan,599040,599810,background camera
gaze s2,Susan,599810,600046,background floor
gaze s2,Susan,600046,601895,background camera
gaze s2,Susan,601899,603381,background floor
gaze s2,Susan,603382,603565,background camera
gaze s2,Susan,603565,605572,face s1
gaze s2,Susan,605572,606126,NA
gaze s2,Susan,606127,607720,face s1
gaze s2,Susan,607720,607864,body s1
gaze s2,Susan,607864,610366,background wall
gaze s2,Susan,610366,615058,face s3
gaze s2,Susan,615058,615561,background wall
gaze s2,Susan,615561,616723,face s3
gaze s2,Susan,616723,617684,background wall
gaze s2,Susan,617684,618167,face s3
gaze s2,Susan,618167,618969,NA
gaze s2,Susan,618970,620032,face s3
gaze s2,Susan,620032,622162,face s1
gaze s2,Susan,622162,623253,body s1
gaze s2,Susan,623253,623965,background wall
gaze s2,Susan,623965,624687,face s1
gaze s2,Susan,624687,624879,NA
gaze s2,Susan,624879,625362,background wall
gaze s2,Susan,625362,626325,body s1
gaze s2,Susan,626325,629289,face s1
gaze s2,Susan,629289,630367,background floor
gaze s2,Susan,630368,631137,background camera
gaze s2,Susan,631137,631423,face s1
gaze s2,Susan,631423,632139,body s1
gaze s2,Susan,632139,632885,background floor
gaze s2,Susan,632888,633320,body s1
gaze s2,Susan,633320,634330,face s1
gaze s2,Susan,634332,634621,body s1
gaze s2,Susan,634622,635690,face s1
gaze s2,Susan,635690,636203,body s1
gaze s2,Susan,636203,637169,face s1
gaze s2,Susan,637169,637447,background wall
gaze s2,Susan,637449,639643,NA
gaze s2,Susan,639643,643453,face s3
gaze s2,Susan,643453,644327,background floor
gaze s2,Susan,644327,646985,face s3
gaze s2,Susan,646986,648010,background wall
gaze s2,Susan,648010,649246,face s3
gaze s2,Susan,649246,652489,body s3
gaze s2,Susan,652489,654530,face s3
gaze s2,Susan,654530,655085,NA
gaze s2,Susan,655085,656178,face s3
gaze s2,Susan,656178,656644,background wall
gaze s2,Susan,656644,657884,face s3
gaze s2,Susan,657884,659403,background wall
gaze s2,Susan,659403,671849,face s3
gaze s2,Susan,671849,672046,background floor
gaze s2,Susan,672047,672330,face s3
gaze s2,Susan,672330,672571,background floor
gaze s2,Susan,672574,672772,face s3
gaze s2,Susan,672772,672926,background wall
gaze s2,Susan,672926,673365,NA
gaze s2,Susan,673365,673568,face s3
gaze s2,Susan,673571,673763,NA
gaze s2,Susan,673763,674207,face s3
gaze s2,Susan,674207,674565,body s3
gaze s2,Susan,674566,675083,background wall
gaze s2,Susan,675084,678929,face s3
gaze s2,Susan,678929,679906,background wall
gaze s2,Susan,679906,680689,body s3
gaze s2,Susan,680689,682768,face s3
gaze s2,Susan,682768,683321,body s3
gaze s2,Susan,683321,686904,face s3
gaze s2,Susan,686905,691043,face s1
gaze s2,Susan,691043,691439,body s1
gaze s2,Susan,691439,691621,face s1
gaze s2,Susan,691621,694976,face s3
gaze s2,Susan,694977,696608,NA
gaze s2,Susan,696608,697252,face s3
gaze s2,Susan,697252,698682,NA
gaze s2,Susan,698682,698928,background ceiling
gaze s2,Susan,698928,699420,background wall
gaze s2,Susan,699421,701201,face s1
gaze s2,Susan,701201,701843,NA
gaze s2,Susan,701843,702124,background wall
gaze s2,Susan,702125,702742,face s1
gaze s2,Susan,702743,703754,face s3
gaze s2,Susan,703754,704903,NA
gaze s2,Susan,704904,706009,face s3
gaze s2,Susan,706009,707485,background floor
gaze s2,Susan,707485,709616,face s3
gaze s2,Susan,709616,710001,background wall
gaze s2,Susan,710001,710772,face s3
gaze s2,Susan,710772,711171,background wall
gaze s2,Susan,711172,712725,face s3
gaze s2,Susan,712727,714325,face s1
gaze s2,Susan,714325,714575,body s1
gaze s2,Susan,714575,717204,face s1
gaze s2,Susan,717204,717605,NA
gaze s2,Susan,717606,717987,face s3
gaze s2,Susan,717989,720329,face s1
gaze s2,Susan,720330,720610,background floor
gaze s2,Susan,720610,723606,face s1
gaze s2,Susan,723606,724806,NA
gaze s2,Susan,724806,725812,face s3
gaze s2,Susan,725812,726171,body s3
gaze s2,Susan,726171,728053,face s3
gaze s2,Susan,728054,728174,background wall
gaze s2,Susan,728174,728894,NA
gaze s2,Susan,728894,729536,background wall
gaze s2,Susan,729536,730585,face s3
gaze s2,Susan,730585,731247,body s3
gaze s2,Susan,731247,732968,face s3
gaze s2,Susan,732968,733164,background wall
gaze s2,Susan,733164,733324,face s3
gaze s2,Susan,733324,737489,face s1
gaze s2,Susan,737490,738520,NA
gaze s2,Susan,738520,739606,background floor
gaze s2,Susan,739606,740575,background wall
gaze s2,Susan,740576,740810,NA
gaze s2,Susan,740810,741621,background ceiling
gaze s2,Susan,741621,742257,background own body
gaze s2,Susan,742257,742867,background wall
gaze s2,Susan,742867,745166,face s1
gaze s2,Susan,745166,745288,background wall
gaze s2,Susan,745288,746562,NA
gaze s2,Susan,746562,747764,background wall
gaze s2,Susan,747764,748926,background ceiling
gaze s2,Susan,748926,750560,background wall
gaze s2,Susan,750560,751655,face s1
gaze s2,Susan,751657,752138,background wall
gaze s2,Susan,752138,753448,NA
gaze s2,Susan,753449,757567,face s1
gaze s2,Susan,757567,757842,background wall
gaze s2,Susan,757842,758728,NA
gaze s2,Susan,758728,759971,face s1
gaze s2,Susan,759971,761140,face s3
gaze s2,Susan,761140,762132,face s1
gaze s2,Susan,762132,762328,background wall
gaze s2,Susan,762328,762807,NA
gaze s2,Susan,762807,763526,background wall
gaze s2,Susan,763526,763775,NA
gaze s2,Susan,763775,766765,background ceiling
gaze s2,Susan,766765,769332,face s1
gaze s2,Susan,769332,770728,NA
gaze s2,Susan,770728,771979,background wall
gaze s2,Susan,771979,772760,face s1
gaze s2,Susan,772760,773057,background wall
gaze s2,Susan,773057,773885,face s3
gaze s2,Susan,773885,774600,NA
gaze s2,Susan,774600,775725,face s3
gaze s2,Susan,775725,777281,background wall
gaze s2,Susan,777281,777403,NA
gaze s2,Susan,777403,779365,face s3
gaze s2,Susan,779365,779648,NA
gaze s2,Susan,779648,781164,face s1
gaze s2,Susan,781164,781284,background floor
gaze s2,Susan,781284,781768,NA
gaze s2,Susan,781768,782364,face s1
gaze s2,Susan,782364,782920,background wall
gaze s2,Susan,782920,783525,NA
gaze s2,Susan,783525,788243,face s1
gaze s2,Susan,788243,788489,background camera
gaze s2,Susan,788489,791762,face s1
gaze s2,Susan,791762,792292,background wall
gaze s2,Susan,792292,792422,face s3
gaze s2,Susan,792423,792723,NA
gaze s2,Susan,792723,792961,body s3
gaze s2,Susan,792961,793169,body s1
gaze s2,Susan,793169,793529,background camera
gaze s2,Susan,793529,795668,face s1
gaze s2,Susan,795668,796415,face s3
gaze s2,Susan,796415,796656,body s1
gaze s2,Susan,796656,797006,NA
gaze s2,Susan,797006,797370,face s1
gaze s2,Susan,797370,800764,face s3
gaze s2,Susan,800764,801806,background wall
gaze s2,Susan,801806,802007,NA
gaze s2,Susan,802007,802492,background wall
gaze s2,Susan,802492,806328,face s1
gaze s2,Susan,806328,806482,body s1
gaze s2,Susan,806482,806885,face s1
gaze s2,Susan,806885,807122,background camera
gaze s2,Susan,807123,809282,face s1
gaze s2,Susan,809282,809771,background wall
gaze s2,Susan,809771,810031,face s3
gaze s2,Susan,810031,811364,background wall
gaze s2,Susan,811364,811884,face s1
gaze s2,Susan,811884,812206,background wall
gaze s2,Susan,812206,812454,background camera
gaze s2,Susan,812454,813043,face s1
gaze s2,Susan,813043,813643,NA
gaze s2,Susan,813643,814002,face s3
gaze s2,Susan,814002,814362,NA
gaze s2,Susan,814362,814529,face s1
gaze s2,Susan,814529,816565,face s3
gaze s2,Susan,816565,820891,background wall
gaze s2,Susan,820891,821160,background camera
gaze s2,Susan,821160,822212,background floor
gaze s2,Susan,822212,822525,background own body
gaze s2,Susan,822525,822776,background camera
gaze s2,Susan,822776,823082,background own gestures
gaze s2,Susan,823082,825160,face s3
gaze s2,Susan,825160,825820,face s1
gaze s2,Susan,825820,827325,face s3
gaze s2,Susan,827325,827739,background camera
gaze s2,Susan,827739,828884,background wall
gaze s2,Susan,828884,829565,NA
gaze s2,Susan,829565,833243,face s1
gaze s2,Susan,833243,833565,background camera
gaze s2,Susan,833565,834006,face s3
gaze s2,Susan,834006,834528,NA
gaze s2,Susan,834528,835207,background floor
gaze s2,Susan,835207,836778,face s3
gaze s2,Susan,836778,837243,background floor
gaze s2,Susan,837243,837487,NA
gaze s2,Susan,837487,837800,background wall
gaze s2,Susan,837800,839684,face s3
gaze s2,Susan,839684,839887,background camera
gaze s2,Susan,839887,841801,face s3
gaze s2,Susan,841801,842612,background wall
gaze s2,Susan,842612,843760,face s1
gaze s2,Susan,843760,844092,background floor
gaze s2,Susan,844092,846732,face s1
gaze s2,Susan,846732,847129,background wall
gaze s2,Susan,847130,847609,NA
gaze s2,Susan,847609,852048,face s1
gaze s2,Susan,852048,852368,body s1
gaze s2,Susan,852368,852564,face s1
gaze s2,Susan,852564,853325,body s1
gaze s2,Susan,853325,853681,face s1
gaze s2,Susan,853681,854329,body s1
gaze s2,Susan,854329,856125,face s1
gaze s2,Susan,856125,856490,body s1
gaze s2,Susan,856490,856684,face s1
gaze s2,Susan,856684,856914,NA
gaze s2,Susan,856914,857040,body s1
gaze s2,Susan,857040,857326,NA
gaze s2,Susan,857326,861162,face s1
gaze s2,Susan,861162,865615,face s3
gaze s2,Susan,865615,866368,background wall
gaze s2,Susan,866368,866800,face s3
gaze s2,Susan,866800,866968,NA
gaze s2,Susan,866968,870048,face s3
gaze s2,Susan,870048,870385,NA
gaze s2,Susan,870385,875723,face s1
gaze s2,Susan,875723,877329,background wall
gaze s2,Susan,877329,879043,face s1
gaze s2,Susan,879045,879406,background wall
gaze s2,Susan,879406,879526,face s1
gaze s2,Susan,879526,879871,NA
gaze s2,Susan,879871,880048,background wall
gaze s2,Susan,880048,880775,NA
gaze s2,Susan,880775,887405,background camera
gaze s2,Susan,887405,887812,NA
gaze s2,Susan,887812,890970,face s3
gaze s2,Susan,890970,891532,NA
gaze s2,Susan,891532,892251,background wall
gaze s2,Susan,892251,894245,face s3
gaze s2,Susan,894245,896446,background wall
gaze s2,Susan,896446,896654,NA
gaze s2,Susan,896654,897660,background wall
gaze s2,Susan,897660,898253,background camera
gaze s2,Susan,898253,898921,NA
gaze s2,Susan,898921,899176,face s3
gaze s2,Susan,899176,900364,background camera
gaze s2,Susan,900364,904160,face s1
gaze s2,Susan,904160,904362,background camera
gaze s2,Susan,904362,904851,face s1
gaze s2,Susan,904851,905009,background wall
gaze s2,Susan,905009,907335,face s1
gaze s2,Susan,907335,908565,face s3
gaze s2,Susan,908565,909646,face s1
gaze s2,Susan,909646,909842,NA
gaze s2,Susan,909842,910409,face s1
gaze s2,Susan,910409,910657,background wall
gaze s2,Susan,910657,911329,face s1
gaze s2,Susan,911329,911804,background wall
gaze s2,Susan,911804,912473,face s1
gaze s2,Susan,912473,912690,body s1
gaze s2,Susan,912690,912973,NA
gaze s2,Susan,912973,916123,face s1
gaze s2,Susan,916123,916729,background wall
gaze s2,Susan,916729,917048,background camera
gaze s2,Susan,917048,918321,face s1
gaze s2,Susan,918321,918681,NA
gaze s2,Susan,918681,919168,face s1
gaze s2,Susan,919168,919728,background camera
gaze s2,Susan,919728,921453,body s1
gaze s2,Susan,921453,922248,face s3
gaze s2,Susan,922248,923403,background down
gaze s2,Susan,923403,923809,NA
gaze s2,Susan,923809,927084,face s3
gaze s2,Susan,927084,934092,face s1
gaze s2,Susan,934092,934492,NA
gaze s2,Susan,934492,935092,face s1
gaze s2,Susan,935092,935485,gestures s1
gaze s2,Susan,935485,936640,NA
gaze s2,Susan,936640,937765,body s1
gaze s2,Susan,937765,938087,background camera
gaze s2,Susan,938087,944015,face s3
gaze s2,Susan,944015,944285,background wall
gaze s2,Susan,944285,944848,NA
gaze s2,Susan,944848,945164,background wall
gaze s2,Susan,945165,945575,NA
gaze s2,Susan,945575,946001,background ceiling
gaze s2,Susan,946001,946967,NA
gaze s2,Susan,946967,947240,background ceiling
gaze s2,Susan,947242,947726,NA
gaze s2,Susan,947726,949969,face s3
gaze s2,Susan,949969,950406,NA
gaze s2,Susan,950406,950723,face s3
gaze s2,Susan,950723,951321,NA
gaze s2,Susan,951321,951923,face s3
gaze s2,Susan,951923,952440,NA
gaze s2,Susan,952440,954081,face s3
gaze s2,Susan,954081,954523,face s1
gaze s2,Susan,954523,954960,NA
gaze s2,Susan,954960,955081,background wall
gaze s2,Susan,955081,955284,NA
gaze s2,Susan,955284,962682,face s1
gaze s2,Susan,962682,962892,body s1
gaze s2,Susan,962892,966364,face s1
gaze s2,Susan,966364,966701,gestures s1
gaze s2,Susan,966701,973365,face s1
gaze s2,Susan,973365,974000,NA
gaze s2,Susan,974000,975010,face s1
gaze s2,Susan,975010,979330,face s3
gaze s2,Susan,979330,981403,face s1
gaze s2,Susan,981403,981603,gestures s1
gaze s2,Susan,981604,982625,face s1
gaze s2,Susan,982625,984317,NA
gaze s2,Susan,984317,984442,background window
gaze s2,Susan,984442,984772,background wall
gaze s2,Susan,984775,985246,NA
gaze s2,Susan,985246,985803,background camera
gaze s2,Susan,985804,986166,face s1
gaze s2,Susan,986167,986407,NA
gaze s2,Susan,986408,986772,face s1
gaze s2,Susan,986772,986923,NA
gaze s2,Susan,986924,987601,face s1
gaze s2,Susan,987602,987802,NA
gaze s2,Susan,987803,988011,background wall
gaze s2,Susan,988011,988242,NA
gaze s2,Susan,988242,988486,background wall
gaze s2,Susan,988486,988687,NA
gaze s2,Susan,988687,989683,face s1
gaze s2,Susan,989684,989943,background down
gaze s2,Susan,989943,990162,face s1
gaze s2,Susan,990162,990844,background camera
gaze s2,Susan,990844,991444,NA
gaze s2,Susan,991445,992698,gestures s1
gaze s2,Susan,992698,998640,face s1
gaze s2,Susan,998640,1000964,background camera
gaze s2,Susan,1000964,1001882,body s1
gaze s2,Susan,1001882,1002005,background wall
gaze s2,Susan,1002005,1002205,body s1
gaze s2,Susan,1002207,1010519,face s1
gaze s2,Susan,1010519,1010728,body s1
gaze s2,Susan,1010728,1029359,face s1
gaze s2,Susan,1029359,1029568,background camera
gaze s2,Susan,1029568,1030006,NA
gaze s2,Susan,1030006,1031409,face s3
gaze s2,Susan,1031409,1032808,NA
gaze s2,Susan,1032809,1032944,face s1
gaze s2,Susan,1032945,1033153,background camera
gaze s2,Susan,1033153,1035635,background floor
gaze s2,Susan,1035635,1039720,face s1
gaze s2,Susan,1039720,1040322,background own body
gaze s2,Susan,1040322,1040923,NA
gaze s2,Susan,1040923,1043285,face s1
gaze s2,Susan,1043286,1044372,body s1
gaze s2,Susan,1044372,1046492,face s1
gaze s2,Susan,1046493,1048160,body s1
gaze s2,Susan,1048160,1049884,face s1
gaze s2,Susan,1049884,1050489,gestures s1
gaze s2,Susan,1050489,1051002,face s1
gaze s2,Susan,1051002,1051251,background wall
gaze s2,Susan,1051251,1051403,face s1
gaze s2,Susan,1051403,1051845,NA
gaze s2,Susan,1051845,1052766,face s1
gaze s2,Susan,1052766,1053176,body s1
gaze s2,Susan,1053176,1053366,face s1
gaze s2,Susan,1053367,1054125,body s1
gaze s2,Susan,1054125,1054886,face s1
gaze s2,Susan,1054886,1055723,body s1
gaze s2,Susan,1055723,1056893,background down
gaze s2,Susan,1056893,1057082,body s1
gaze s2,Susan,1057082,1057245,NA
gaze s2,Susan,1057245,1058201,face s1
gaze s2,Susan,1058203,1058373,body s1
gaze s2,Susan,1058374,1058762,background wall
gaze s2,Susan,1058763,1059005,NA
gaze s2,Susan,1059006,1059645,background camera
gaze s2,Susan,1059645,1060242,NA
gaze s2,Susan,1060242,1060447,background wall
gaze s2,Susan,1060448,1060979,face s1
gaze s2,Susan,1060981,1062000,background camera
gaze s2,Susan,1062000,1062599,NA
gaze s2,Susan,1062599,1062886,background wall
gaze s2,Susan,1062886,1063812,face s3
gaze s2,Susan,1063812,1064081,NA
gaze s2,Susan,1064081,1064443,face s3
gaze s2,Susan,1064443,1065001,background wall
gaze s2,Susan,1065001,1069721,face s1
gaze s2,Susan,1069721,1069885,body s1
gaze s2,Susan,1069885,1072725,face s1
gaze s2,Susan,1072725,1073562,body s1
gaze s2,Susan,1073562,1075243,background camera
gaze s2,Susan,1075243,1075920,face s1
gaze s2,Susan,1075921,1076772,body s1
gaze s2,Susan,1076773,1077403,face s1
gaze s2,Susan,1077403,1077689,gestures s1
gaze s2,Susan,1077689,1079756,face s1
gaze s2,Susan,1079756,1080283,body s1
gaze s2,Susan,1080283,1082815,background down
gaze s2,Susan,1082816,1085161,face s1
gaze s2,Susan,1085161,1086039,NA
gaze s2,Susan,1086039,1088630,background down
gaze s2,Susan,1088630,1089175,NA
gaze s2,Susan,1089176,1089614,background wall
gaze s2,Susan,1089614,1091567,face s1
gaze s2,Susan,1091567,1092286,background window
gaze s2,Susan,1092286,1092721,background wall
gaze s2,Susan,1092721,1092926,background window
gaze s2,Susan,1092926,1093748,background wall
gaze s2,Susan,1093750,1094030,background ceiling
gaze s2,Susan,1094030,1095102,background wall
gaze s2,Susan,1095102,1096284,background ceiling
gaze s2,Susan,1096287,1096644,face s1
gaze s2,Susan,1096644,1096961,body s1
gaze s2,Susan,1096961,1097852,face s1
gaze s2,Susan,1097852,1098257,background wall
gaze s2,Susan,1098257,1105165,face s1
gaze s2,Susan,1105165,1106366,background eyes closed
gaze s2,Susan,1106366,1107302,face s1
gaze s2,Susan,1107303,1108167,body s1
gaze s2,Susan,1108167,1109411,face s1
gaze s2,Susan,1109411,1109698,background down
gaze s2,Susan,1109698,1109858,body s1
gaze s2,Susan,1109860,1110925,face s1
gaze s2,Susan,1110925,1111089,body s1
gaze s2,Susan,1111090,1111458,face s1
gaze s2,Susan,1111458,1111682,gestures s1
gaze s2,Susan,1111682,1122762,face s1
gaze s2,Susan,1122762,1122884,gestures s1
gaze s2,Susan,1122884,1128241,face s1
gaze s2,Susan,1128241,1128608,gestures s1
gaze s2,Susan,1128609,1129563,face s1
gaze s2,Susan,1129563,1129702,body s1
gaze s2,Susan,1129702,1130406,background floor
gaze s2,Susan,1130406,1130605,background camera
gaze s2,Susan,1130605,1132362,face s1
gaze s2,Susan,1132363,1133162,gestures s1
gaze s2,Susan,1133163,1133802,face s1
gaze s2,Susan,1133802,1134162,body s1
gaze s2,Susan,1134162,1134603,face s1
gaze s2,Susan,1134603,1135606,face s3
gaze s2,Susan,1135607,1137406,face s1
gaze s2,Susan,1137406,1137573,background floor
gaze s2,Susan,1137574,1140168,face s1
gaze s2,Susan,1140169,1140722,NA
gaze s2,Susan,1140722,1141417,background camera
gaze s2,Susan,1141417,1143847,background floor
gaze s2,Susan,1143847,1146100,background camera
gaze s2,Susan,1146100,1149003,face s3
gaze s2,Susan,1149003,1149328,background wall
gaze s2,Susan,1149328,1149764,NA
gaze s2,Susan,1149765,1151537,background wall
gaze s2,Susan,1151537,1153648,face s1
gaze s2,Susan,1153649,1153964,body s1
gaze s2,Susan,1153964,1155840,face s1
gaze s2,Susan,1155840,1156246,NA
gaze s2,Susan,1156247,1157042,face s1
gaze s2,Susan,1157042,1157508,background wall
gaze s2,Susan,1157508,1158048,background eyes closed
gaze s2,Susan,1158049,1158777,background floor
gaze s2,Susan,1158777,1160520,face s1
gaze s2,Susan,1160520,1160647,background wall
gaze s2,Susan,1160648,1161882,NA
gaze s2,Susan,1161882,1163148,background wall
gaze s2,Susan,1163148,1164719,face s1
gaze s2,Susan,1164719,1166720,NA
gaze s2,Susan,1166720,1167115,background wall
gaze s2,Susan,1167115,1169481,face s1
gaze s2,Susan,1169481,1169769,background wall
gaze s2,Susan,1169769,1170603,face s1
gaze s2,Susan,1170603,1170764,NA
gaze s2,Susan,1170766,1172365,face s1
gaze s2,Susan,1172365,1172929,background wall
gaze s2,Susan,1172929,1174065,NA
gaze s2,Susan,1174065,1175162,face s1
gaze s2,Susan,1175162,1175817,background wall
gaze s2,Susan,1175817,1178406,face s1
gaze s2,Susan,1178407,1179404,NA
gaze s2,Susan,1179405,1179811,background floor
gaze s2,Susan,1179812,1180203,body s1
gaze s2,Susan,1180203,1180546,background floor
gaze s2,Susan,1180546,1182003,face s1
gaze s2,Susan,1182003,1182364,NA
gaze s2,Susan,1182364,1182568,background wall
gaze s2,Susan,1182569,1183133,NA
gaze s2,Susan,1183133,1183685,background camera
gaze s2,Susan,1183685,1184041,background floor
gaze s2,Susan,1184041,1184166,background camera
gaze s2,Susan,1184166,1184607,NA
gaze s2,Susan,1184607,1184884,background wall
gaze s2,Susan,1184884,1185442,background wall
gaze s2,Susan,1185442,1188798,face s3
gaze s2,Susan,1188798,1189528,face s1
gaze s2,Susan,1189528,1189889,face s3
gaze s2,Susan,1189890,1190610,NA
gaze s2,Susan,1190610,1191486,background camera
gaze s2,Susan,1191486,1191680,background wall
gaze s2,Susan,1191680,1194410,face s3
gaze s2,Susan,1194410,1194679,background wall
gaze s2,Susan,1194679,1196167,face s3
gaze s2,Susan,1196167,1196402,background wall
gaze s2,Susan,1196402,1197373,face s1
gaze s2,Susan,1197373,1197640,background camera
gaze s2,Susan,1197640,1198444,face s3
gaze s2,Susan,1198444,1199731,NA
gaze s3,Saskia,295837,303484,face s1
gaze s3,Saskia,303484,305558,background wall
gaze s3,Saskia,305558,306683,face s1
gaze s3,Saskia,306683,308920,NA
gaze s3,Saskia,308920,309159,face s1
gaze s3,Saskia,309159,309683,NA
gaze s3,Saskia,309683,312042,face s1
gaze s3,Saskia,312042,312291,body s1
gaze s3,Saskia,312291,316169,face s1
gaze s3,Saskia,316169,316489,background wall
gaze s3,Saskia,316489,317165,face s1
gaze s3,Saskia,317165,317311,body s1
gaze s3,Saskia,317311,320370,face s1
gaze s3,Saskia,320370,321206,body s1
gaze s3,Saskia,321206,326757,face s1
gaze s3,Saskia,326757,327041,body s1
gaze s3,Saskia,327041,327808,face s1
gaze s3,Saskia,327809,333207,background floor
gaze s3,Saskia,333207,334010,face s1
gaze s3,Saskia,334010,335170,NA
gaze s3,Saskia,335171,336005,face s1
gaze s3,Saskia,336005,336662,NA
gaze s3,Saskia,336664,336974,face s2
gaze s3,Saskia,336974,337215,NA
gaze s3,Saskia,337215,338340,face s1
gaze s3,Saskia,338340,338921,face s2
gaze s3,Saskia,338921,339413,NA
gaze s3,Saskia,339413,339618,background wall
gaze s3,Saskia,339618,340403,background floor
gaze s3,Saskia,340403,341404,face s1
gaze s3,Saskia,341404,341546,NA
gaze s3,Saskia,341546,341726,background wall
gaze s3,Saskia,341727,342238,NA
gaze s3,Saskia,342239,344295,background own body
gaze s3,Saskia,344295,345204,background wall
gaze s3,Saskia,345204,350763,face s1
gaze s3,Saskia,350763,350943,body s2
gaze s3,Saskia,350943,357800,face s2
gaze s3,Saskia,357800,358901,face s2
gaze s3,Saskia,358901,360896,NA
gaze s3,Saskia,360897,361103,background wall
gaze s3,Saskia,361105,362071,face s1
gaze s3,Saskia,362071,363299,background own body
gaze s3,Saskia,363299,364366,face s1
gaze s3,Saskia,364366,365404,background floor
gaze s3,Saskia,365404,366161,face s1
gaze s3,Saskia,366161,368125,background wall
gaze s3,Saskia,368125,369153,background floor
gaze s3,Saskia,369153,370684,face s1
gaze s3,Saskia,370684,371532,face s2
gaze s3,Saskia,371534,372094,NA
gaze s3,Saskia,372096,374051,face s1
gaze s3,Saskia,374051,375925,NA
gaze s3,Saskia,375925,377065,background wall
gaze s3,Saskia,377065,380328,face s1
gaze s3,Saskia,380328,380478,background floor
gaze s3,Saskia,380478,381297,face s1
gaze s3,Saskia,381297,381446,gestures s1
gaze s3,Saskia,381446,384697,face s1
gaze s3,Saskia,384697,385292,body s1
gaze s3,Saskia,385293,386173,face s1
gaze s3,Saskia,386175,387003,background wall
gaze s3,Saskia,387003,394920,face s1
gaze s3,Saskia,394920,396179,background wall
gaze s3,Saskia,396179,396531,face s1
gaze s3,Saskia,396531,397898,NA
gaze s3,Saskia,397898,398021,body s1
gaze s3,Saskia,398022,398643,face s1
gaze s3,Saskia,398643,399004,body s1
gaze s3,Saskia,399004,399241,background down
gaze s3,Saskia,399241,400362,face s1
gaze s3,Saskia,400362,400507,body s1
gaze s3,Saskia,400507,402561,face s1
gaze s3,Saskia,402561,403717,background wall
gaze s3,Saskia,403717,404005,NA
gaze s3,Saskia,404005,406523,face s1
gaze s3,Saskia,406525,407321,background wall
gaze s3,Saskia,407323,407964,face s1
gaze s3,Saskia,407964,409172,face s2
gaze s3,Saskia,409172,409444,body s1
gaze s3,Saskia,409444,409646,face s1
gaze s3,Saskia,409646,409806,background wall
gaze s3,Saskia,409808,410607,NA
gaze s3,Saskia,410607,411485,face s1
gaze s3,Saskia,411485,412010,face s2
gaze s3,Saskia,412010,413280,face s1
gaze s3,Saskia,413280,414574,NA
gaze s3,Saskia,414574,415767,face s1
gaze s3,Saskia,415767,416402,face s2
gaze s3,Saskia,416402,417861,background floor
gaze s3,Saskia,417861,423570,face s2
gaze s3,Saskia,423570,424202,face s1
gaze s3,Saskia,424202,424362,background wall
gaze s3,Saskia,424363,426084,NA
gaze s3,Saskia,426084,426803,face s2
gaze s3,Saskia,426804,427054,face s1
gaze s3,Saskia,427057,427366,NA
gaze s3,Saskia,427366,428524,face s1
gaze s3,Saskia,428524,431209,face s2
gaze s3,Saskia,431209,431646,NA
gaze s3,Saskia,431646,437120,face s2
gaze s3,Saskia,437120,441397,face s1
gaze s3,Saskia,441397,441530,background wall
gaze s3,Saskia,441530,442765,NA
gaze s3,Saskia,442765,447491,face s2
gaze s3,Saskia,447491,449460,face s1
gaze s3,Saskia,449461,450131,body s1
gaze s3,Saskia,450131,450665,face s1
gaze s3,Saskia,450666,452245,face s2
gaze s3,Saskia,452245,452443,NA
gaze s3,Saskia,452443,453985,face s1
gaze s3,Saskia,453985,454482,gestures s1
gaze s3,Saskia,454482,458390,face s1
gaze s3,Saskia,458390,459475,background wall
gaze s3,Saskia,459476,462767,face s2
gaze s3,Saskia,462767,466246,face s1
gaze s3,Saskia,466246,466443,NA
gaze s3,Saskia,466443,467091,body s1
gaze s3,Saskia,467091,467482,face s1
gaze s3,Saskia,467482,467963,body s1
gaze s3,Saskia,467963,469407,face s1
gaze s3,Saskia,469407,469718,NA
gaze s3,Saskia,469718,471840,background floor
gaze s3,Saskia,471840,476682,background camera
gaze s3,Saskia,476682,477918,face s1
gaze s3,Saskia,477918,480712,background camera
gaze s3,Saskia,480712,483161,face s1
gaze s3,Saskia,483161,483375,NA
gaze s3,Saskia,483375,484485,background own gestures
gaze s3,Saskia,484488,485204,face s1
gaze s3,Saskia,485204,485970,face s2
gaze s3,Saskia,485970,490049,face s1
gaze s3,Saskia,490049,490204,NA
gaze s3,Saskia,490204,491013,background wall
gaze s3,Saskia,491013,491252,face s1
gaze s3,Saskia,491255,494925,face s2
gaze s3,Saskia,494925,499662,face s1
gaze s3,Saskia,499662,500094,NA
gaze s3,Saskia,500094,502083,face s1
gaze s3,Saskia,502083,503659,face s2
gaze s3,Saskia,503659,506319,face s1
gaze s3,Saskia,506319,506680,NA
gaze s3,Saskia,506680,506805,background wall
gaze s3,Saskia,506805,508997,face s1
gaze s3,Saskia,508997,509122,background floor
gaze s3,Saskia,509122,509890,face s1
gaze s3,Saskia,509892,511116,background wall
gaze s3,Saskia,511116,512328,face s1
gaze s3,Saskia,512328,513358,background down
gaze s3,Saskia,513358,514767,face s1
gaze s3,Saskia,514767,515561,face s2
gaze s3,Saskia,515561,516525,face s1
gaze s3,Saskia,516527,518039,background wall
gaze s3,Saskia,518039,518207,face s1
gaze s3,Saskia,518207,518529,background wall
gaze s3,Saskia,518530,520037,face s1
gaze s3,Saskia,520037,520540,NA
gaze s3,Saskia,520540,520812,background ceiling
gaze s3,Saskia,520812,521800,face s1
gaze s3,Saskia,521800,522607,background down
gaze s3,Saskia,522609,523608,face s1
gaze s3,Saskia,523608,525405,face s2
gaze s3,Saskia,525405,526807,face s1
gaze s3,Saskia,526807,527312,background wall
gaze s3,Saskia,527312,527537,face s1
gaze s3,Saskia,527537,528216,background down
gaze s3,Saskia,528216,531575,face s1
gaze s3,Saskia,531575,532128,face s2
gaze s3,Saskia,532128,533560,NA
gaze s3,Saskia,533560,533884,face s1
gaze s3,Saskia,533884,534989,background wall
gaze s3,Saskia,534989,535440,face s1
gaze s3,Saskia,535440,537706,background floor
gaze s3,Saskia,537706,539357,face s1
gaze s3,Saskia,539357,540689,background wall
gaze s3,Saskia,540689,543847,face s1
gaze s3,Saskia,543847,544488,background wall
gaze s3,Saskia,544488,545805,face s1
gaze s3,Saskia,545805,545921,background floor
gaze s3,Saskia,545921,546041,body s1
gaze s3,Saskia,546041,556121,face s1
gaze s3,Saskia,556124,556645,NA
gaze s3,Saskia,556646,557767,background wall
gaze s3,Saskia,557767,558475,face s1
gaze s3,Saskia,558475,558767,body s1
gaze s3,Saskia,558767,561767,face s1
gaze s3,Saskia,561767,561972,background floor
gaze s3,Saskia,561973,562118,face s1
gaze s3,Saskia,562118,563162,face s2
gaze s3,Saskia,563162,563320,NA
gaze s3,Saskia,563320,563840,face s1
gaze s3,Saskia,563840,563964,NA
gaze s3,Saskia,563964,568925,face s1
gaze s3,Saskia,568925,569122,NA
gaze s3,Saskia,569122,571077,face s1
gaze s3,Saskia,571077,571762,NA
gaze s3,Saskia,571762,573348,face s1
gaze s3,Saskia,573348,573947,body s1
gaze s3,Saskia,573947,575776,face s1
gaze s3,Saskia,575776,576125,NA
gaze s3,Saskia,576127,576362,background wall
gaze s3,Saskia,576362,576724,NA
gaze s3,Saskia,576724,578205,face s1
gaze s3,Saskia,578205,578351,background floor
gaze s3,Saskia,578351,578928,face s1
gaze s3,Saskia,578928,579274,background wall
gaze s3,Saskia,579274,582014,face s1
gaze s3,Saskia,582014,582200,NA
gaze s3,Saskia,582200,583099,face s1
gaze s3,Saskia,583099,583531,face s2
gaze s3,Saskia,583531,584367,background wall
gaze s3,Saskia,584367,584948,face s1
gaze s3,Saskia,584948,585738,background down
gaze s3,Saskia,585738,586074,face s1
gaze s3,Saskia,586074,586364,background wall
gaze s3,Saskia,586367,587010,face s2
gaze s3,Saskia,587010,588761,face s1
gaze s3,Saskia,588761,589686,NA
gaze s3,Saskia,589686,592042,face s1
gaze s3,Saskia,592042,592764,body s1
gaze s3,Saskia,592764,593041,face s1
gaze s3,Saskia,593041,593968,face s2
gaze s3,Saskia,593968,595444,face s1
gaze s3,Saskia,595444,596128,background wall
gaze s3,Saskia,596128,596354,body s1
gaze s3,Saskia,596354,597360,face s1
gaze s3,Saskia,597360,600490,background down
gaze s3,Saskia,600490,604006,face s1
gaze s3,Saskia,604007,604560,background wall
gaze s3,Saskia,604560,605280,NA
gaze s3,Saskia,605280,608000,face s1
gaze s3,Saskia,608000,608129,face s2
gaze s3,Saskia,608129,608418,NA
gaze s3,Saskia,608418,609792,face s1
gaze s3,Saskia,609792,610118,background wall
gaze s3,Saskia,610118,615672,face s1
gaze s3,Saskia,615672,616683,NA
gaze s3,Saskia,616683,618135,face s1
gaze s3,Saskia,618135,619038,background floor
gaze s3,Saskia,619038,619771,NA
gaze s3,Saskia,619771,620476,
gaze s3,Saskia,620476,621439,face s1
gaze s3,Saskia,621439,621735,face s1
gaze s3,Saskia,621735,621849,face s1
gaze s3,Saskia,621849,622200,NA
gaze s3,Saskia,622200,622456,face s1
gaze s3,Saskia,622457,623322,NA
gaze s3,Saskia,623322,624796,face s1
gaze s3,Saskia,624796,624937,background eyes closed
gaze s3,Saskia,624937,626727,face s1
gaze s3,Saskia,626727,627361,background eyes closed
gaze s3,Saskia,627361,632201,face s1
gaze s3,Saskia,632201,632356,NA
gaze s3,Saskia,632356,635442,face s1
gaze s3,Saskia,635442,636005,NA
gaze s3,Saskia,636005,636170,face s2
gaze s3,Saskia,636171,636360,NA
gaze s3,Saskia,636360,637445,face s1
gaze s3,Saskia,637445,638529,face s2
gaze s3,Saskia,638529,641682,face s1
gaze s3,Saskia,641682,642451,background floor
gaze s3,Saskia,642451,643685,face s1
gaze s3,Saskia,643685,650292,background wall
gaze s3,Saskia,650292,651722,face s1
gaze s3,Saskia,651722,651963,NA
gaze s3,Saskia,651963,653238,background wall
gaze s3,Saskia,653238,653405,NA
gaze s3,Saskia,653405,654128,face s2
gaze s3,Saskia,654128,654325,NA
gaze s3,Saskia,654325,657242,face s1
gaze s3,Saskia,657243,657520,NA
gaze s3,Saskia,657520,659423,background wall
gaze s3,Saskia,659423,659812,face s1
gaze s3,Saskia,659813,660627,background floor
gaze s3,Saskia,660627,661453,face s1
gaze s3,Saskia,661455,661605,body s1
gaze s3,Saskia,661605,661807,NA
gaze s3,Saskia,661807,662362,background wall
gaze s3,Saskia,662363,663395,face s1
gaze s3,Saskia,663395,663687,background wall
gaze s3,Saskia,663687,664803,face s1
gaze s3,Saskia,664805,665327,NA
gaze s3,Saskia,665327,666203,face s1
gaze s3,Saskia,666203,666481,NA
gaze s3,Saskia,666481,666807,face s2
gaze s3,Saskia,666807,667067,NA
gaze s3,Saskia,667068,667240,background wall
gaze s3,Saskia,667242,667646,NA
gaze s3,Saskia,667647,668735,face s1
gaze s3,Saskia,668735,668857,body s1
gaze s3,Saskia,668858,669871,NA
gaze s3,Saskia,669871,670371,background own gestures
gaze s3,Saskia,670372,671285,face s1
gaze s3,Saskia,671285,671939,face s2
gaze s3,Saskia,671939,673454,face s1
gaze s3,Saskia,673454,674640,face s2
gaze s3,Saskia,674640,676620,background wall
gaze s3,Saskia,676620,677279,face s1
gaze s3,Saskia,677279,677599,NA
gaze s3,Saskia,677599,678241,face s1
gaze s3,Saskia,678241,679081,face s2
gaze s3,Saskia,679081,680172,face s1
gaze s3,Saskia,680172,680532,background wall
gaze s3,Saskia,680532,683478,face s1
gaze s3,Saskia,683478,683754,NA
gaze s3,Saskia,683754,683876,face s2
gaze s3,Saskia,683878,684269,NA
gaze s3,Saskia,684269,688293,face s1
gaze s3,Saskia,688293,688436,NA
gaze s3,Saskia,688436,690491,face s1
gaze s3,Saskia,690491,690914,NA
gaze s3,Saskia,690914,692409,face s1
gaze s3,Saskia,692409,692760,face s2
gaze s3,Saskia,692760,693517,face s1
gaze s3,Saskia,693517,694405,background floor
gaze s3,Saskia,694405,695324,face s1
gaze s3,Saskia,695324,696417,face s2
gaze s3,Saskia,696419,697927,face s1
gaze s3,Saskia,697927,698125,background wall
gaze s3,Saskia,698125,698685,face s1
gaze s3,Saskia,698685,699283,background wall
gaze s3,Saskia,699283,699653,face s1
gaze s3,Saskia,699653,700906,background down
gaze s3,Saskia,700906,701393,face s1
gaze s3,Saskia,701393,711804,face s2
gaze s3,Saskia,711804,714129,face s1
gaze s3,Saskia,714129,715200,face s2
gaze s3,Saskia,715200,716246,face s1
gaze s3,Saskia,716246,716685,body s1
gaze s3,Saskia,716685,717735,face s2
gaze s3,Saskia,717735,717886,NA
gaze s3,Saskia,717886,718793,face s1
gaze s3,Saskia,718793,719008,gestures s1
gaze s3,Saskia,719009,724898,face s2
gaze s3,Saskia,724898,726569,face s1
gaze s3,Saskia,726569,727738,background floor
gaze s3,Saskia,727738,728198,face s2
gaze s3,Saskia,728198,728967,face s1
gaze s3,Saskia,728967,729562,NA
gaze s3,Saskia,729562,730922,background wall
gaze s3,Saskia,730922,731370,face s1
gaze s3,Saskia,731371,733763,background down
gaze s3,Saskia,733763,739727,face s2
gaze s3,Saskia,739727,740086,body s2
gaze s3,Saskia,740086,748843,face s2
gaze s3,Saskia,748843,749163,background wall
gaze s3,Saskia,749163,750409,face s2
gaze s3,Saskia,750410,750655,background wall
gaze s3,Saskia,750655,750818,face s1
gaze s3,Saskia,750818,751296,background wall
gaze s3,Saskia,751296,751571,face s2
gaze s3,Saskia,751571,752086,NA
gaze s3,Saskia,752086,758618,face s2
gaze s3,Saskia,758618,760007,face s1
gaze s3,Saskia,760007,760203,background wall
gaze s3,Saskia,760203,760493,face s1
gaze s3,Saskia,760493,761481,NA
gaze s3,Saskia,761481,768051,face s2
gaze s3,Saskia,768052,769565,background own gestures
gaze s3,Saskia,769565,773046,face s2
gaze s3,Saskia,773046,773441,face s1
gaze s3,Saskia,773441,773599,NA
gaze s3,Saskia,773599,773912,background wall
gaze s3,Saskia,773912,774037,face s1
gaze s3,Saskia,774039,778246,face s2
gaze s3,Saskia,778246,779206,NA
gaze s3,Saskia,779207,782377,face s1
gaze s3,Saskia,782377,786076,face s2
gaze s3,Saskia,786076,789301,face s1
gaze s3,Saskia,789301,792243,face s2
gaze s3,Saskia,792246,792725,NA
gaze s3,Saskia,792728,794962,face s2
gaze s3,Saskia,794962,795603,NA
gaze s3,Saskia,795603,796164,face s1
gaze s3,Saskia,796164,796769,NA
gaze s3,Saskia,796769,797087,face s2
gaze s3,Saskia,797087,797525,background wall
gaze s3,Saskia,797525,798289,face s1
gaze s3,Saskia,798289,801408,background wall
gaze s3,Saskia,801408,809579,face s2
gaze s3,Saskia,809579,809843,background wall
gaze s3,Saskia,809843,810481,NA
gaze s3,Saskia,810483,811069,background wall
gaze s3,Saskia,811069,811604,body s1
gaze s3,Saskia,811604,812338,face s1
gaze s3,Saskia,812339,813004,face s2
gaze s3,Saskia,813004,814212,background wall
gaze s3,Saskia,814212,843125,face s2
gaze s3,Saskia,843125,843814,NA
gaze s3,Saskia,843814,845845,face s1
gaze s3,Saskia,845846,850121,face s2
gaze s3,Saskia,850121,850530,face s1
gaze s3,Saskia,850530,851525,NA
gaze s3,Saskia,851525,851723,background floor
gaze s3,Saskia,851723,853931,face s1
gaze s3,Saskia,853931,854441,body s1
gaze s3,Saskia,854441,856122,face s1
gaze s3,Saskia,856122,857607,background floor
gaze s3,Saskia,857609,861362,face s1
gaze s3,Saskia,861362,862004,NA
gaze s3,Saskia,862004,863526,background floor
gaze s3,Saskia,863526,864281,face s1
gaze s3,Saskia,864281,866444,background floor
gaze s3,Saskia,866444,867397,face s1
gaze s3,Saskia,867397,868202,background wall
gaze s3,Saskia,868202,868524,face s2
gaze s3,Saskia,868525,869005,background down
gaze s3,Saskia,869005,869847,face s1
gaze s3,Saskia,869847,870082,background wall
gaze s3,Saskia,870084,870357,NA
gaze s3,Saskia,870357,874326,face s1
gaze s3,Saskia,874326,875273,background wall
gaze s3,Saskia,875273,875853,face s1
gaze s3,Saskia,875853,876005,background wall
gaze s3,Saskia,876005,876282,face s1
gaze s3,Saskia,876282,876880,background wall
gaze s3,Saskia,876880,877284,face s1
gaze s3,Saskia,877284,878897,body s1
gaze s3,Saskia,878897,879603,background floor
gaze s3,Saskia,879603,880364,face s1
gaze s3,Saskia,880364,882828,background wall
gaze s3,Saskia,882828,883534,face s1
gaze s3,Saskia,883534,884121,background wall
gaze s3,Saskia,884121,884943,face s1
gaze s3,Saskia,884943,886366,background wall
gaze s3,Saskia,886366,887126,background floor
gaze s3,Saskia,887126,891726,face s2
gaze s3,Saskia,891726,892246,NA
gaze s3,Saskia,892246,892808,background wall
gaze s3,Saskia,892808,893329,face s1
gaze s3,Saskia,893329,899361,face s2
gaze s3,Saskia,899361,899758,NA
gaze s3,Saskia,899758,900130,face s1
gaze s3,Saskia,900130,900489,background wall
gaze s3,Saskia,900489,904243,face s1
gaze s3,Saskia,904243,907659,face s2
gaze s3,Saskia,907660,908093,face s1
gaze s3,Saskia,908093,910915,face s2
gaze s3,Saskia,910915,913939,face s1
gaze s3,Saskia,913939,915118,background wall
gaze s3,Saskia,915118,916602,face s1
gaze s3,Saskia,916602,922648,background wall
gaze s3,Saskia,922649,924201,NA
gaze s3,Saskia,924201,928202,face s1
gaze s3,Saskia,928202,928652,NA
gaze s3,Saskia,928652,936395,face s1
gaze s3,Saskia,936395,936519,body s1
gaze s3,Saskia,936519,937124,face s1
gaze s3,Saskia,937127,938008,NA
gaze s3,Saskia,938009,939996,face s1
gaze s3,Saskia,939996,940683,NA
gaze s3,Saskia,940683,941376,background wall
gaze s3,Saskia,941376,942599,face s1
gaze s3,Saskia,942599,942925,background wall
gaze s3,Saskia,942925,944079,face s2
gaze s3,Saskia,944079,944718,background wall
gaze s3,Saskia,944718,945835,face s1
gaze s3,Saskia,945835,946482,background wall
gaze s3,Saskia,946482,946807,face s1
gaze s3,Saskia,946807,947818,background wall
gaze s3,Saskia,947818,949098,face s1
gaze s3,Saskia,949098,949445,background wall
gaze s3,Saskia,949445,949721,face s2
gaze s3,Saskia,949721,951798,face s1
gaze s3,Saskia,951798,952891,background floor
gaze s3,Saskia,952891,959522,face s1
gaze s3,Saskia,959522,959840,background wall
gaze s3,Saskia,959840,969486,face s1
gaze s3,Saskia,969486,970240,background wall
gaze s3,Saskia,970240,974402,face s1
gaze s3,Saskia,974402,975805,background wall
gaze s3,Saskia,975807,976820,face s1
gaze s3,Saskia,976820,977492,background floor
gaze s3,Saskia,977492,978054,face s1
gaze s3,Saskia,978054,978489,background wall
gaze s3,Saskia,978489,979052,NA
gaze s3,Saskia,979052,983671,face s1
gaze s3,Saskia,983671,984052,face s2
gaze s3,Saskia,984052,986568,face s1
gaze s3,Saskia,986568,987207,background wall
gaze s3,Saskia,987207,1005295,face s1
gaze s3,Saskia,1005295,1005802,NA
gaze s3,Saskia,1005802,1010738,face s1
gaze s3,Saskia,1010738,1011602,NA
gaze s3,Saskia,1011602,1015287,face s1
gaze s3,Saskia,1015287,1016656,background wall
gaze s3,Saskia,1016656,1017043,NA
gaze s3,Saskia,1017043,1018440,face s1
gaze s3,Saskia,1018440,1019040,NA
gaze s3,Saskia,1019040,1019644,face s1
gaze s3,Saskia,1019646,1020042,NA
gaze s3,Saskia,1020042,1021528,background floor
gaze s3,Saskia,1021528,1022439,face s1
gaze s3,Saskia,1022439,1023015,body s1
gaze s3,Saskia,1023015,1023672,face s1
gaze s3,Saskia,1023672,1024329,body s1
gaze s3,Saskia,1024329,1027684,face s1
gaze s3,Saskia,1027684,1028158,background wall
gaze s3,Saskia,1028158,1029707,face s1
gaze s3,Saskia,1029710,1030935,face s2
gaze s3,Saskia,1030935,1031483,face s1
gaze s3,Saskia,1031483,1031765,face s2
gaze s3,Saskia,1031765,1049969,face s1
gaze s3,Saskia,1049969,1050645,NA
gaze s3,Saskia,1050645,1051438,background wall
gaze s3,Saskia,1051438,1053684,face s1
gaze s3,Saskia,1053684,1055612,background down
gaze s3,Saskia,1055613,1059242,face s1
gaze s3,Saskia,1059242,1059364,background wall
gaze s3,Saskia,1059364,1059775,NA
gaze s3,Saskia,1059776,1062119,face s1
gaze s3,Saskia,1062119,1062362,NA
gaze s3,Saskia,1062362,1065323,background wall
gaze s3,Saskia,1065323,1065442,NA
gaze s3,Saskia,1065443,1076239,face s1
gaze s3,Saskia,1076239,1077361,body s1
gaze s3,Saskia,1077362,1080438,face s1
gaze s3,Saskia,1080438,1081764,background wall
gaze s3,Saskia,1081764,1082701,face s1
gaze s3,Saskia,1082701,1083089,body s1
gaze s3,Saskia,1083089,1084796,face s1
gaze s3,Saskia,1084796,1085125,face s2
gaze s3,Saskia,1085125,1087653,face s1
gaze s3,Saskia,1087653,1088678,background camera
gaze s3,Saskia,1088678,1091093,face s1
gaze s3,Saskia,1091096,1091567,face s2
gaze s3,Saskia,1091567,1092881,face s1
gaze s3,Saskia,1092881,1093135,body s1
gaze s3,Saskia,1093136,1093603,face s1
gaze s3,Saskia,1093603,1095768,background camera
gaze s3,Saskia,1095769,1096405,background wall
gaze s3,Saskia,1096405,1096541,body s1
gaze s3,Saskia,1096543,1096848,face s1
gaze s3,Saskia,1096848,1097104,body s1
gaze s3,Saskia,1097104,1103136,face s1
gaze s3,Saskia,1103136,1103260,background wall
gaze s3,Saskia,1103260,1103649,NA
gaze s3,Saskia,1103649,1104175,face s1
gaze s3,Saskia,1104175,1105098,face s2
gaze s3,Saskia,1105098,1108053,face s1
gaze s3,Saskia,1108054,1108724,background wall
gaze s3,Saskia,1108724,1109083,NA
gaze s3,Saskia,1109083,1109810,face s1
gaze s3,Saskia,1109810,1110337,body s1
gaze s3,Saskia,1110337,1111205,face s1
gaze s3,Saskia,1111205,1111760,body s1
gaze s3,Saskia,1111760,1128293,face s1
gaze s3,Saskia,1128295,1128682,background wall
gaze s3,Saskia,1128682,1133930,face s1
gaze s3,Saskia,1133930,1134279,background wall
gaze s3,Saskia,1134279,1134401,NA
gaze s3,Saskia,1134401,1137375,face s1
gaze s3,Saskia,1137375,1137768,face s2
gaze s3,Saskia,1137768,1138121,background floor
gaze s3,Saskia,1138121,1142726,face s1
gaze s3,Saskia,1142726,1143971,background wall
gaze s3,Saskia,1143971,1144285,body s1
gaze s3,Saskia,1144285,1147660,face s1
gaze s3,Saskia,1147660,1149295,face s2
gaze s3,Saskia,1149295,1149644,background floor
gaze s3,Saskia,1149644,1156840,face s1
gaze s3,Saskia,1156840,1159687,face s2
gaze s3,Saskia,1159690,1165656,face s1
gaze s3,Saskia,1165656,1166482,background wall
gaze s3,Saskia,1166482,1166692,body s1
gaze s3,Saskia,1166692,1166886,face s1
gaze s3,Saskia,1166886,1167935,NA
gaze s3,Saskia,1167935,1168648,face s2
gaze s3,Saskia,1168648,1173281,face s1
gaze s3,Saskia,1173281,1173401,NA
gaze s3,Saskia,1173402,1174764,background floor
gaze s3,Saskia,1174764,1175282,face s1
gaze s3,Saskia,1175282,1175885,NA
gaze s3,Saskia,1175885,1176245,background wall
gaze s3,Saskia,1176245,1176711,body s1
gaze s3,Saskia,1176711,1178042,face s1
gaze s3,Saskia,1178042,1180442,face s2
gaze s3,Saskia,1180442,1180757,body s2
gaze s3,Saskia,1180757,1191764,face s2
gaze s3,Saskia,1191764,1193160,face s1
gaze s3,Saskia,1193160,1195927,face s2
gaze s3,Saskia,1195927,1197605,face s1
gaze s3,Saskia,1197605,1198525,NA
gaze s3,Saskia,1198526,1199492,face s1
hand gestures S1,Cara,325451,327406,puoh begint tijdens (ook stroke)
hand gestures S1,Cara,346539,346982,no
hand gestures S1,Cara,363279,364830,pointing begint net voor (stroke tijdens)
hand gestures S1,Cara,379981,380742,hold (deictic to self)
hand gestures S1,Cara,380742,381671,stroke na HM (deictic)
hand gestures S1,Cara,383910,384278,begin (palm down)
hand gestures S1,Cara,384278,384560,hold
hand gestures S1,Cara,384560,384719,retraction
hand gestures S1,Cara,388117,390143,palm lateral
hand gestures S1,Cara,397842,401049,deictic to self
hand gestures S1,Cara,401049,402785,deictic to self
hand gestures S1,Cara,427635,428788,palm down
hand gestures S1,Cara,451944,454311,handen naar hoofd
hand gestures S1,Cara,454316,455032,puoh
hand gestures S1,Cara,455036,458001,palm lateral
hand gestures S1,Cara,458001,460171,palm lateral (conduit)
hand gestures S1,Cara,496534,499617,puoh
hand gestures S1,Cara,528536,530538,deictic to self
hand gestures S1,Cara,698862,700627,pointing
hand gestures S1,Cara,700627,701610,palm down
hand gestures S1,Cara,785778,791141,2 hands
hand gestures S1,Cara,900374,902411,representational gesture systeem
hand gestures S1,Cara,929110,930255,cyclic next to head (iden)
hand gestures S1,Cara,932171,933830,palm down
hand gestures S1,Cara,965494,968957,puoh
hand gestures S1,Cara,980471,981090,aanhalingstekens 
hand gestures S1,Cara,993011,993749,clapping in hands
hand gestures S1,Cara,996600,1000008,palm lateral
hand gestures S1,Cara,1003170,1007363,2 handen
hand gestures S1,Cara,1049406,1050514,palm down swipe
hand gestures S1,Cara,1055812,1056880,palm down mvmts
hand gestures S1,Cara,1056880,1058554,puoh
hand gestures S1,Cara,1087491,1091725,other
hand gestures S1,Cara,1091877,1092244,no
hand gestures S1,Cara,1096865,1104369,puoh
hand gestures S1,Cara,1122456,1125243,puoh swipes
hand gestures S1,Cara,1126062,1129695,palm laterals: koffer
hand gestures S1,Cara,1141022,1144283,puoh
hand gestures S1,Cara,1170990,1172888,palm up afwerend
hand gestures S3,Saskia,509842,511707,self-adaptor
hand gestures S3,Saskia,511707,514658,pointing
hand gestures S3,Saskia,609545,609721,no
hand gestures S3,Saskia,645981,652530,counting
hand gestures S3,Saskia,658429,658754,no
hand gestures S3,Saskia,854616,855066,no
hand gestures S3,Saskia,1103387,1103630,no
hand gestures S2,Susan,709348,709641,no
hand gestures S2,Susan,816544,818873,self-adaptor
hand gestures S2,Susan,818873,822497,self-adaptor
head gestures S1,Cara,344922,345750,forward
head gestures S1,Cara,345750,346076,nod
head gestures S1,Cara,346078,347310,forward
head gestures S1,Cara,347310,348296,jerk
head gestures S1,Cara,701479,702943,nod
head gestures S1,Cara,1091877,1092244,no
head gestures S2,Susan,709197,709461,head tilt
head gestures S2,Susan,709465,709782,sideturn
head gestures S2,Susan,709872,710157,sideturn
head gestures S2,Susan,710519,712288,headshake
head gestures S2,Susan,807832,809543,headshake
head gestures S2,Susan,818092,818366,sideturn
head gestures S2,Susan,818537,819881,sideturn
head gestures S3,Saskia,509854,510371,head tilt
head gestures S3,Saskia,510387,510721,head tilt
head gestures S3,Saskia,608216,609719,nod
head gestures S3,Saskia,609719,609923,headshake
head gestures S3,Saskia,609923,611268,nod
head gestures S3,Saskia,648360,649012,nod
head gestures S3,Saskia,657435,659492,backward
head gestures S3,Saskia,659492,659808,back to normal
head gestures S3,Saskia,854616,855066,no
head gestures S3,Saskia,855864,857068,nod
head gestures S3,Saskia,1103153,1103522,sideturn
head gestures S3,Saskia,1103600,1104079,nod
head gestures S3,Saskia,1104079,1104331,sideturn
facial expressions s1,Cara,346539,346982,no
facial expressions s1,Cara,701360,701764,no
facial expressions s1,Cara,1091371,1091985,laugh
facial expressions s2,Susan,709210,709602,other
facial expressions s2,Susan,818814,819682,no
facial expressions s3,Saskia,510387,510721,no
facial expressions s3,Saskia,608730,610666,raised eyebrows
facial expressions s3,Saskia,648024,648546,no
facial expressions s3,Saskia,658429,658754,no
facial expressions s3,Saskia,854616,855066,no
facial expressions s3,Saskia,1103387,1103630,no
gestural holds s3,Saskia,298048,298896,palm up
gestural holds s3,Saskia,340702,341704,palm up?
English s1,Cara,344801,346985,placeholder
English s1,Cara,347114,347675,placeholder
English s1,Cara,348023,348571,placeholder
English s1,Cara,348625,349081,placeholder
English s1,Cara,349098,349952,placeholder
English s1,Cara,349952,350663,placeholder
English s1,Cara,350914,355579,placeholder
English s1,Cara,493913,496342,placeholder
English s1,Cara,496342,498797,placeholder
English s1,Cara,499249,500110,placeholder
English s1,Cara,500447,501601,placeholder
English s1,Cara,501956,504000,placeholder
English s1,Cara,506280,507294,placeholder
English s1,Cara,507700,508212,placeholder
English s1,Cara,513010,516595,placeholder
English s1,Cara,518555,519314,placeholder
English s1,Cara,519314,519581,placeholder
English s1,Cara,520161,520422,placeholder
English s1,Cara,599987,603027,placeholder
English s1,Cara,604217,605973,placeholder
English s1,Cara,606161,608698,placeholder
English s1,Cara,609854,610578,placeholder
English s1,Cara,611496,612161,placeholder
English s1,Cara,612306,613059,placeholder
English s1,Cara,640643,641530,placeholder
English s1,Cara,652334,654329,placeholder
English s1,Cara,656315,657721,placeholder
English s1,Cara,660641,661156,placeholder
English s1,Cara,661156,661940,placeholder
English s1,Cara,698749,699408,placeholder
English s1,Cara,699453,700911,placeholder
English s1,Cara,701175,701744,placeholder
English s1,Cara,710195,710484,placeholder
English s1,Cara,712155,713618,placeholder
English s1,Cara,816217,816985,placeholder
English s1,Cara,850984,853251,placeholder
English s1,Cara,853251,855121,placeholder
English s1,Cara,856575,858413,placeholder
English s1,Cara,1087619,1088056,placeholder
English s1,Cara,1088056,1089640,placeholder
English s1,Cara,1089640,1091336,placeholder
English s1,Cara,1091879,1092245,placeholder
English s1,Cara,1093250,1094125,placeholder
English s1,Cara,1095740,1097590,placeholder
English s1,Cara,1097661,1099619,placeholder
English s1,Cara,1099925,1100979,placeholder
English s1,Cara,1100979,1102048,placeholder
English s1,Cara,1102814,1104778,placeholder
English s2,Susan,501298,502489,placeholder
English s2,Susan,606781,607580,placeholder
English s2,Susan,608134,608821,placeholder
English s2,Susan,652838,653593,placeholder
English s2,Susan,698540,699818,placeholder
English s2,Susan,701020,701380,placeholder
English s2,Susan,703320,706928,placeholder
English s2,Susan,707540,708710,placeholder
English s2,Susan,709119,711440,placeholder
English s2,Susan,713730,714847,placeholder
English s2,Susan,816630,818178,placeholder
English s2,Susan,818539,819685,placeholder
English s2,Susan,819685,822150,placeholder
English s2,Susan,822272,822551,placeholder
English s2,Susan,822866,824619,placeholder
English s2,Susan,824926,825786,placeholder
English s2,Susan,825786,826577,placeholder
English s2,Susan,855644,855883,placeholder
English s2,Susan,1095680,1096280,placeholder
English s2,Susan,1103718,1105283,placeholder
English s3,Saskia,348564,349200,placeholder
English s3,Saskia,351091,353460,placeholder
English s3,Saskia,499401,499920,placeholder
English s3,Saskia,502898,503319,placeholder
English s3,Saskia,503833,505799,placeholder
English s3,Saskia,506387,510030,placeholder
English s3,Saskia,510387,513714,placeholder
English s3,Saskia,514546,518901,placeholder
English s3,Saskia,603613,603874,placeholder
English s3,Saskia,604049,604677,placeholder
English s3,Saskia,607645,609543,placeholder
English s3,Saskia,609543,612114,placeholder
English s3,Saskia,639647,641204,placeholder
English s3,Saskia,641204,642885,placeholder
English s3,Saskia,643455,645234,placeholder
English s3,Saskia,645681,646620,placeholder
English s3,Saskia,646623,647736,placeholder
English s3,Saskia,648025,648548,placeholder
English s3,Saskia,648548,649785,placeholder
English s3,Saskia,650195,652548,placeholder
English s3,Saskia,653187,655217,placeholder
English s3,Saskia,655217,657731,placeholder
English s3,Saskia,658431,659320,placeholder
English s3,Saskia,659320,660265,placeholder
English s3,Saskia,661205,661930,placeholder
English s3,Saskia,699075,699501,placeholder
English s3,Saskia,702438,703249,placeholder
English s3,Saskia,708055,708819,placeholder
English s3,Saskia,710832,711549,placeholder
English s3,Saskia,711815,713251,placeholder
English s3,Saskia,813930,815430,placeholder
English s3,Saskia,815430,817725,placeholder
English s3,Saskia,823295,823918,placeholder
English s3,Saskia,824885,825205,placeholder
English s3,Saskia,854615,855807,placeholder
English s3,Saskia,855810,856654,placeholder
English s3,Saskia,1086711,1087564,placeholder
English s3,Saskia,1089395,1090148,placeholder
English s3,Saskia,1090148,1092782,placeholder
English s3,Saskia,1092782,1095354,placeholder
English s3,Saskia,1095354,1096048,placeholder
English s3,Saskia,1099589,1099979,placeholder
English s3,Saskia,1102969,1103605,placeholder
English s3,Saskia,1103919,1105836,placeholder
English s3,Saskia,1105838,1106621,placeholder
English s3,Saskia,1106621,1107840,placeholder
English s3,Saskia,1107840,1109110,placeholder
