gaze s1,s1,290902,291657,background wall
gaze s1,s1,291657,293076,face s3
gaze s1,s1,293076,298161,body s3
gaze s1,s1,298161,298715,background floor
gaze s1,s1,298718,300832,face s3
gaze s1,s1,300832,300997,body s3
gaze s1,s1,300997,303681,face s3
gaze s1,s1,303681,304622,background own body
gaze s1,s1,304622,313374,face s1
gaze s1,s1,313374,314919,NA
gaze s1,s1,314919,317036,face s3
gaze s1,s1,317036,318687,background wall
gaze s1,s1,318687,319721,background ceiling
gaze s1,s1,319721,320451,face s3
gaze s1,s1,320451,320679,background floor
gaze s1,s1,320679,320817,body s3
gaze s1,s1,320817,324198,face s3
gaze s1,s1,324198,327243,face s2
gaze s1,s1,327243,328326,face s3
gaze s1,s1,328326,328804,background floor
gaze s1,s1,328804,330985,face s3
gaze s1,s1,330985,331162,NA
gaze s1,s1,331162,332161,face s3
gaze s1,s1,332161,332400,background floor
gaze s1,s1,332400,335795,face s3
gaze s1,s1,335795,343915,NA
gaze s1,s1,343915,344846,face s3
gaze s1,s1,344846,347502,background floor
gaze s1,s1,347502,349889,face s3
gaze s1,s1,349889,350179,NA
gaze s1,s1,350179,350699,background wall
gaze s1,s1,350704,351181,face s3
gaze s1,s1,351181,352127,face s2
gaze s1,s1,352127,353480,background wall
gaze s1,s1,353480,353784,background ceiling
gaze s1,s1,353784,355306,background wall
gaze s1,s1,355306,356285,face s2
gaze s1,s1,356285,357926,background wall
gaze s1,s1,357926,359218,face s3
gaze s1,s1,359218,360528,background wall
gaze s1,s1,360528,365599,face s3
gaze s1,s1,365599,365966,background own body
gaze s1,s1,365966,369533,face s3
gaze s1,s1,369533,369726,background wall
gaze s1,s1,369726,372353,background eyes closed
gaze s1,s1,372353,376067,background wall
gaze s1,s1,376067,376809,face s3
gaze s1,s1,376809,377793,background window
gaze s1,s1,377793,379628,background floor
gaze s1,s1,379628,379967,background eyes closed
gaze s1,s1,379970,380483,body s3
gaze s1,s1,380483,383042,face s3 
gaze s1,s1,383042,383400,background eyes closed
gaze s1,s1,383400,383846,background window
gaze s1,s1,383846,384117,background wall
gaze s1,s1,384117,385082,background window
gaze s1,s1,385082,387800,face s3
gaze s1,s1,387800,388723,background window
gaze s1,s1,388723,389520,background ceiling
gaze s1,s1,389520,390414,background floor
gaze s1,s1,390414,391233,background window
gaze s1,s1,391233,392280,background wall
gaze s1,s1,392280,395357,face s3
gaze s1,s1,395357,396119,background window
gaze s1,s1,396119,396562,background wall
gaze s1,s1,396562,397158,body s3
gaze s1,s1,397158,398112,face s3
gaze s1,s1,398112,398648,face s2
gaze s1,s1,398649,401295,face s3
gaze s1,s1,401295,402263,background wall
gaze s1,s1,402263,402528,background window
gaze s1,s1,402528,403944,background eyes closed
gaze s1,s1,403944,404075,face s3
gaze s1,s1,404076,404676,face s2
gaze s1,s1,404676,407380,face s3
gaze s1,s1,407380,408124,background wall
gaze s1,s1,408124,409610,face s3
gaze s1,s1,409610,409768,background wall
gaze s1,s1,409769,411619,face s3
gaze s1,s1,411619,415810,NA
gaze s1,s1,415810,424357,face s2
gaze s1,s1,424357,425411,face s3
gaze s1,s1,425411,426728,face s2
gaze s1,s1,426728,427238,body s2
gaze s1,s1,427238,430324,face s2
gaze s1,s1,430324,430558,body s2
gaze s1,s1,430558,436961,face s2
gaze s1,s1,436961,437962,NA
gaze s1,s1,437962,438228,face s2
gaze s1,s1,438228,439123,face s3
gaze s1,s1,439123,439853,face s2
gaze s1,s1,439853,442004,face s3
gaze s1,s1,442006,444927,face s2
gaze s1,s1,444927,447111,background eyes closed
gaze s1,s1,447111,447285,background wall
gaze s1,s1,447285,448453,face s2
gaze s1,s1,448453,449881,NA
gaze s1,s1,449881,450037,face s3
gaze s1,s1,450037,450847,NA
gaze s1,s1,450851,451160,face s2
gaze s1,s1,451160,452755,NA
gaze s1,s1,452755,453364,face s3
gaze s1,s1,453364,454039,face s2
gaze s1,s1,454039,455357,face s3
gaze s1,s1,455357,456024,background window
gaze s1,s1,456024,456202,background eyes closed
gaze s1,s1,456202,456456,face s3
gaze s1,s1,456456,457179,face s2
gaze s1,s1,457179,457723,NA
gaze s1,s1,457723,458304,background wall
gaze s1,s1,458304,463350,face s2
gaze s1,s1,463350,464988,face s3
gaze s1,s1,464989,467167,background own body
gaze s1,s1,467167,470721,NA
gaze s1,s1,470721,472941,background window
gaze s1,s1,472941,475279,face s3
gaze s1,s1,475279,479044,background camera
gaze s1,s1,479047,479800,background wall
gaze s1,s1,479800,482188,NA
gaze s1,s1,482189,482657,background wall
gaze s1,s1,482657,484672,face s3
gaze s1,s1,484672,487119,face s2
gaze s1,s1,487119,488208,face s3
gaze s1,s1,488208,488623,background wall
gaze s1,s1,488623,490467,background ceiling
gaze s1,s1,490467,491574,background own body
gaze s1,s1,491574,492379,face s3
gaze s1,s1,492379,493961,face s2
gaze s1,s1,493961,494211,body s2
gaze s1,s1,494211,496452,face s2
gaze s1,s1,496452,496680,NA
gaze s1,s1,496680,497200,face s3
gaze s1,s1,497200,498213,face s2
gaze s1,s1,498213,500217,face s3
gaze s1,s1,500217,501096,face s2
gaze s1,s1,501096,502312,face s3
gaze s1,s1,502312,503201,face s2
gaze s1,s1,503201,506412,face s3
gaze s1,s1,506412,507679,background own body
gaze s1,s1,507680,513531,face s3 
gaze s1,s1,513531,515012,background wall
gaze s1,s1,515012,519484,NA
gaze s1,s1,519484,520198,background wall
gaze s1,s1,520198,520598,NA
gaze s1,s1,520598,522881,background wall
gaze s1,s1,522881,524728,face s3
gaze s1,s1,524728,526719,background wall
gaze s1,s1,526719,527251,NA
gaze s1,s1,527251,528725,background wall
gaze s1,s1,528725,533143,NA
gaze s1,s1,533143,536064,background floor
gaze s1,s1,536064,536246,NA
gaze s1,s1,536246,536474,background wall
gaze s1,s1,536474,537082,background wall
gaze s1,s1,537082,537283,face s3
gaze s1,s1,537283,538040,NA
gaze s1,s1,538040,539217,face s3
gaze s1,s1,539217,540384,background own body
gaze s1,s1,540384,541555,face s3
gaze s1,s1,541555,541997,body s3
gaze s1,s1,541997,545307,face s3
gaze s1,s1,545310,545447,body s3
gaze s1,s1,545451,546656,face s3
gaze s1,s1,546656,548203,background window
gaze s1,s1,548206,548847,background wall
gaze s1,s1,548847,549565,face s2
gaze s1,s1,549565,550967,face s3
gaze s1,s1,550967,552239,face s2
gaze s1,s1,552239,552439,body s2
gaze s1,s1,552439,552681,body s3
gaze s1,s1,552681,553763,background window
gaze s1,s1,553764,557807,face s3
gaze s1,s1,557807,559160,background eyes closed
gaze s1,s1,559160,559518,face s3
gaze s1,s1,559518,559766,background wall
gaze s1,s1,559767,561165,background window
gaze s1,s1,561165,562642,face s3
gaze s1,s1,562642,564358,face s2
gaze s1,s1,564358,565482,face s3
gaze s1,s1,565482,566852,background window
gaze s1,s1,566852,569053,face s3
gaze s1,s1,569054,569681,face s2
gaze s1,s1,569681,572085,face s3
gaze s1,s1,572085,574968,background floor
gaze s1,s1,574968,576569,face s3
gaze s1,s1,576569,576871,body s3
gaze s1,s1,576871,577882,face s3
gaze s1,s1,577882,578122,NA
gaze s1,s1,578123,583074,face s3
gaze s1,s1,583074,583886,background window
gaze s1,s1,583886,586046,face s3
gaze s1,s1,586046,587453,face s2
gaze s1,s1,587453,589279,face s3
gaze s1,s1,589279,589779,background wall
gaze s1,s1,589779,590313,body s2
gaze s1,s1,590313,591184,background eyes closed
gaze s1,s1,591184,592506,background wall
gaze s1,s1,592506,593318,NA
gaze s1,s1,593318,593665,background wall
gaze s1,s1,593667,595384,background ceiling
gaze s1,s1,595384,596563,background wall
gaze s1,s1,596563,596966,face s3
gaze s1,s1,596966,598494,background wall
gaze s1,s1,598496,598866,face s3
gaze s1,s1,598866,600202,background window
gaze s1,s1,600205,600526,face s3
gaze s1,s1,600526,600885,background wall
gaze s1,s1,600885,604961,face s3
gaze s1,s1,604963,606231,face s2
gaze s1,s1,606231,609872,NA
gaze s1,s1,609873,612230,face s3
gaze s1,s1,612230,613365,NA
gaze s1,s1,613366,613860,background wall
gaze s1,s1,613860,616749,background floor
gaze s1,s1,616749,618006,face s3
gaze s1,s1,618006,619930,background window
gaze s1,s1,619931,622220,face s3
gaze s1,s1,622221,622729,background own body
gaze s1,s1,622729,623964,face s3
gaze s1,s1,623964,624323,body s3
gaze s1,s1,624326,625678,background ceiling
gaze s1,s1,625678,626965,face s3
gaze s1,s1,626968,627988,background own body
gaze s1,s1,627988,628132,body s3
gaze s1,s1,628132,629376,background window
gaze s1,s1,629376,635680,face s3
gaze s1,s1,635680,637842,face s2
gaze s1,s1,637842,637981,background wall
gaze s1,s1,637981,638666,NA
gaze s1,s1,638666,639132,background wall
gaze s1,s1,639132,639922,face s3
gaze s1,s1,639922,640568,face s2
gaze s1,s1,640568,643641,face s3
gaze s1,s1,643641,644126,background eyes closed
gaze s1,s1,644128,649767,face s3
gaze s1,s1,649767,650165,background floor
gaze s1,s1,650165,652536,face s3
gaze s1,s1,652539,653442,NA
gaze s1,s1,653443,654105,background window
gaze s1,s1,654105,656441,face s3
gaze s1,s1,656441,658017,NA
gaze s1,s1,658017,658770,background wall
gaze s1,s1,658770,662043,background floor
gaze s1,s1,662043,664364,face s3
gaze s1,s1,664364,664600,NA
gaze s1,s1,664600,668329,face s3
gaze s1,s1,668329,669285,background wall
gaze s1,s1,669285,669660,face s3
gaze s1,s1,669661,670711,background window
gaze s1,s1,670711,673052,face s3
gaze s1,s1,673052,673482,NA
gaze s1,s1,673482,674563,face s2
gaze s1,s1,674563,681313,face s3
gaze s1,s1,681313,682207,background wall
gaze s1,s1,682207,683602,face s3
gaze s1,s1,683602,683747,NA
gaze s1,s1,683747,688887,face s3
gaze s1,s1,688887,689327,NA
gaze s1,s1,689327,692006,face s3
gaze s1,s1,692006,692248,background wall
gaze s1,s1,692248,693003,face s3
gaze s1,s1,693003,697607,NA
gaze s1,s1,697607,699034,background ceiling
gaze s1,s1,699034,700690,NA
gaze s1,s1,700690,708707,face s2
gaze s1,s1,708710,709403,face s3
gaze s1,s1,709403,711836,face s2
gaze s1,s1,711836,712369,face s3
gaze s1,s1,712369,714894,face s2
gaze s1,s1,714894,715322,body s2
gaze s1,s1,715322,717015,face s2
gaze s1,s1,717015,717472,face s3
gaze s1,s1,717474,721226,face s2
gaze s1,s1,721227,721491,gestures s2
gaze s1,s1,721491,722438,face s2
gaze s1,s1,722438,723026,background eyes closed
gaze s1,s1,723026,723915,face s2
gaze s1,s1,723915,724602,face s3
gaze s1,s1,724602,724918,background wall
gaze s1,s1,724918,725482,face s2
gaze s1,s1,725482,727674,face s3
gaze s1,s1,727674,728317,face s2
gaze s1,s1,728317,729688,face s3
gaze s1,s1,729688,730288,face s2
gaze s1,s1,730288,731235,NA
gaze s1,s1,731235,731812,face s3
gaze s1,s1,731812,733727,background floor
gaze s1,s1,733727,734866,face s2
gaze s1,s1,734868,735194,body s2
gaze s1,s1,735194,739210,face s2
gaze s1,s1,739210,739970,background wall
gaze s1,s1,739970,745007,face s2
gaze s1,s1,745007,745476,NA
gaze s1,s1,745476,749499,face s2
gaze s1,s1,749499,750491,NA
gaze s1,s1,750491,750682,body s2
gaze s1,s1,750685,752757,face s2
gaze s1,s1,752758,753636,background eyes closed
gaze s1,s1,753636,755371,face s2
gaze s1,s1,755371,755846,face s3
gaze s1,s1,755848,758209,face s2
gaze s1,s1,758209,758555,NA
gaze s1,s1,758555,758922,face s2
gaze s1,s1,758922,760689,face s3
gaze s1,s1,760690,767606,face s2
gaze s1,s1,767606,768170,background eyes closed
gaze s1,s1,768170,772064,face s2
gaze s1,s1,772064,772885,NA
gaze s1,s1,772885,773118,face s2
gaze s1,s1,773118,775299,face s3
gaze s1,s1,775299,776805,face s2
gaze s1,s1,776805,777891,face s3
gaze s1,s1,777891,778640,face s2
gaze s1,s1,778640,779554,NA
gaze s1,s1,779554,779882,background floor
gaze s1,s1,779882,780361,NA
gaze s1,s1,780361,784201,face s2
gaze s1,s1,784201,784821,NA
gaze s1,s1,784821,785897,face s2
gaze s1,s1,785897,786761,body s2
gaze s1,s1,786762,788403,face s2
gaze s1,s1,788403,788769,background ceiling
gaze s1,s1,788769,789277,face s3
gaze s1,s1,789277,794676,face s2
gaze s1,s1,794678,797359,background floor
gaze s1,s1,797359,799721,face s3
gaze s1,s1,799721,801297,background floor
gaze s1,s1,801297,802734,face s2
gaze s1,s1,802735,803600,NA
gaze s1,s1,803600,808606,face s2
gaze s1,s1,808606,810722,NA
gaze s1,s1,810722,813248,face s2
gaze s1,s1,813248,813734,face s3
gaze s1,s1,813734,814443,background window
gaze s1,s1,814443,815363,face s3
gaze s1,s1,815363,816469,face s2
gaze s1,s1,816469,816629,body s2
gaze s1,s1,816629,825452,face s2
gaze s1,s1,825452,826017,background eyes closed
gaze s1,s1,826017,842318,face s2 
gaze s1,s1,842318,842996,background eyes closed
gaze s1,s1,842996,848090,face s2 
gaze s1,s1,848090,848594,background eyes closed
gaze s1,s1,848594,849886,face s2
gaze s1,s1,849886,851240,NA
gaze s1,s1,851240,851447,face s3
gaze s1,s1,851447,851964,face s2
gaze s1,s1,851964,853258,background window
gaze s1,s1,853258,853723,face s3
gaze s1,s1,853723,854877,face s2
gaze s1,s1,854877,858688,background window
gaze s1,s1,858688,859326,face s3
gaze s1,s1,859326,859740,background wall
gaze s1,s1,859740,864932,NA 
gaze s1,s1,864933,866043,background wall
gaze s1,s1,866043,867422,NA
gaze s1,s1,867422,868927,face s3
gaze s1,s1,868927,870264,background wall
gaze s1,s1,870264,870571,background floor
gaze s1,s1,870572,872241,NA
gaze s1,s1,872241,872462,background wall
gaze s1,s1,872462,873342,face s3
gaze s1,s1,873342,877439,NA
gaze s1,s1,877439,877768,face s3
gaze s1,s1,877768,879113,NA
gaze s1,s1,879113,879243,background wall
gaze s1,s1,879243,882989,NA
gaze s1,s1,882989,886192,background floor
gaze s1,s1,886192,888201,face s3
gaze s1,s1,888201,900332,face s2
gaze s1,s1,900332,900501,NA
gaze s1,s1,900501,906804,face s2
gaze s1,s1,906804,907766,background wall
gaze s1,s1,907766,908837,face s3
gaze s1,s1,908837,911156,face s2
gaze s1,s1,911156,911440,face s3
gaze s1,s1,911440,913089,face s2
gaze s1,s1,913089,914564,face s3
gaze s1,s1,914566,915475,face s2
gaze s1,s1,915475,916285,face s3
gaze s1,s1,916287,916752,NA
gaze s1,s1,916752,917557,face s2
gaze s1,s1,917557,918082,face s3
gaze s1,s1,918082,922000,background window
gaze s1,s1,922000,922437,face s3
gaze s1,s1,922437,924051,face s2
gaze s1,s1,924051,928404,face s3
gaze s1,s1,928404,929156,background wall
gaze s1,s1,929156,929527,background floor
gaze s1,s1,929529,930814,background wall
gaze s1,s1,930816,933364,face s3
gaze s1,s1,933364,934001,face s2
gaze s1,s1,934001,935384,face s3
gaze s1,s1,935384,935748,background window
gaze s1,s1,935748,936392,NA
gaze s1,s1,936392,937369,face s3
gaze s1,s1,937369,937987,body s3
gaze s1,s1,937987,941368,face s3
gaze s1,s1,941368,942007,background window
gaze s1,s1,942008,943044,face s3
gaze s1,s1,943044,944501,face s2
gaze s1,s1,944502,950498,face s3
gaze s1,s1,950500,950724,face s2
gaze s1,s1,950724,953119,face s3
gaze s1,s1,953119,953362,background floor
gaze s1,s1,953362,955578,NA
gaze s1,s1,955578,957399,face s3
gaze s1,s1,957399,959923,background window
gaze s1,s1,959923,960043,NA
gaze s1,s1,960044,962456,face s3
gaze s1,s1,962456,963126,background wall
gaze s1,s1,963126,963929,NA
gaze s1,s1,963929,964243,background wall
gaze s1,s1,964244,965282,NA
gaze s1,s1,965282,967408,background floor
gaze s1,s1,967408,968446,background ceiling
gaze s1,s1,968446,971289,face s3
gaze s1,s1,971289,971924,background wall
gaze s1,s1,971924,972366,face s3
gaze s1,s1,972366,976487,background wall
gaze s1,s1,976487,977575,face s3
gaze s1,s1,977575,979407,background wall
gaze s1,s1,979407,979928,background window
gaze s1,s1,979928,980079,face s3
gaze s1,s1,980079,981826,NA
gaze s1,s1,981827,982168,face s3
gaze s1,s1,982168,982646,background wall
gaze s1,s1,982646,983093,background window
gaze s1,s1,983093,983400,face s3
gaze s1,s1,983400,987133,NA
gaze s1,s1,987133,988723,face s3
gaze s1,s1,988723,992923,background window
gaze s1,s1,992923,994138,background wall
gaze s1,s1,994138,994758,background window
gaze s1,s1,994758,996475,face s3
gaze s1,s1,996475,997522,background wall
gaze s1,s1,997522,999770,body s3
gaze s1,s1,999770,1000226,face s3
gaze s1,s1,1000226,1000542,body s3
gaze s1,s1,1000542,1001562,face s3
gaze s1,s1,1001562,1003860,background floor
gaze s1,s1,1003860,1004732,face s3
gaze s1,s1,1004732,1006482,body s3
gaze s1,s1,1006482,1007119,background wall
gaze s1,s1,1007119,1009232,body s3
gaze s1,s1,1009232,1011480,face s3
gaze s1,s1,1011480,1011920,NA
gaze s1,s1,1011920,1012924,background window
gaze s1,s1,1012924,1014754,background ceiling
gaze s1,s1,1014754,1016013,background wall
gaze s1,s1,1016013,1018765,face s3
gaze s1,s1,1018766,1019005,NA
gaze s1,s1,1019005,1020441,background wall
gaze s1,s1,1020441,1021238,face s3
gaze s1,s1,1021238,1024393,background floor
gaze s1,s1,1024393,1025645,face s3
gaze s1,s1,1025645,1026897,background window
gaze s1,s1,1026897,1029161,body s3
gaze s1,s1,1029161,1029339,face s3
gaze s1,s1,1029341,1029914,NA
gaze s1,s1,1029914,1031404,face s3
gaze s1,s1,1031404,1032760,face s2
gaze s1,s1,1032761,1033706,face s3
gaze s1,s1,1033706,1036004,background window
gaze s1,s1,1036007,1037665,background floor
gaze s1,s1,1037665,1038649,face s3
gaze s1,s1,1038649,1039486,background window
gaze s1,s1,1039486,1040686,background wall
gaze s1,s1,1040686,1043100,face s3
gaze s1,s1,1043100,1043960,body s3
gaze s1,s1,1043962,1044235,background eyes closed
gaze s1,s1,1044235,1044885,background window
gaze s1,s1,1044885,1045237,body s3
gaze s1,s1,1045237,1047530,face s3
gaze s1,s1,1047530,1048080,background window
gaze s1,s1,1048081,1050163,face s3
gaze s1,s1,1050163,1052146,background own body
gaze s1,s1,1052146,1053265,NA
gaze s1,s1,1053265,1053643,face s3
gaze s1,s1,1053643,1055037,background ceiling
gaze s1,s1,1055038,1056391,background window
gaze s1,s1,1056391,1056758,background wall
gaze s1,s1,1056758,1057803,face s3
gaze s1,s1,1057803,1059433,NA
gaze s1,s1,1059433,1059686,background ceiling
gaze s1,s1,1059686,1060704,background wall
gaze s1,s1,1060704,1061167,background own body
gaze s1,s1,1061167,1062557,background eyes closed
gaze s1,s1,1062557,1063477,face s3
gaze s1,s1,1063477,1066343,background floor
gaze s1,s1,1066343,1066639,body s3
gaze s1,s1,1066639,1067400,face s3
gaze s1,s1,1067400,1071837,background wall
gaze s1,s1,1071837,1072363,NA
gaze s1,s1,1072363,1075397,background wall
gaze s1,s1,1075397,1076570,NA
gaze s1,s1,1076570,1077651,background wall
gaze s1,s1,1077652,1078440,face s3
gaze s1,s1,1078440,1078966,background wall
gaze s1,s1,1078966,1080235,NA
gaze s1,s1,1080235,1080839,face s3
gaze s1,s1,1080839,1081518,NA
gaze s1,s1,1081518,1082459,background window
gaze s1,s1,1082461,1082975,background camera
gaze s1,s1,1082975,1083694,background floor
gaze s1,s1,1083694,1084743,NA
gaze s1,s1,1084743,1085126,face s2
gaze s1,s1,1085129,1089004,NA
gaze s1,s1,1089004,1093642,background close s3
gaze s1,s1,1093642,1093969,face s3
gaze s1,s1,1093969,1096046,NA
gaze s1,s1,1096046,1098104,background ceiling
gaze s1,s1,1098104,1098321,background wall
gaze s1,s1,1098321,1098487,face s3
gaze s1,s1,1098489,1098768,NA
gaze s1,s1,1098768,1102404,face s3
gaze s1,s1,1102404,1102925,body s3
gaze s1,s1,1102925,1103811,face s3
gaze s1,s1,1103811,1105524,face s2
gaze s1,s1,1105524,1107884,face s3
gaze s1,s1,1107884,1110886,background floor
gaze s1,s1,1110886,1113373,face s3
gaze s1,s1,1113373,1114622,background floor
gaze s1,s1,1114622,1115771,face s3
gaze s1,s1,1115773,1116223,background window
gaze s1,s1,1116224,1117214,background floor
gaze s1,s1,1117214,1118490,face s3
gaze s1,s1,1118490,1118850,body s2
gaze s1,s1,1118850,1119680,face s3
gaze s1,s1,1119680,1120293,background window
gaze s1,s1,1120293,1120815,background wall
gaze s1,s1,1120815,1122085,face s3
gaze s1,s1,1122085,1123966,background wall
gaze s1,s1,1123966,1124521,face s3
gaze s1,s1,1124521,1124997,background wall
gaze s1,s1,1124997,1125242,face s2
gaze s1,s1,1125242,1126089,face s3
gaze s1,s1,1126089,1126327,body s3
gaze s1,s1,1126327,1128433,background floor
gaze s1,s1,1128433,1128631,NA
gaze s1,s1,1128631,1129002,face s3
gaze s1,s1,1129002,1129442,NA
gaze s1,s1,1129442,1130611,background wall
gaze s1,s1,1130611,1132251,face s3
gaze s1,s1,1132251,1132903,NA
gaze s1,s1,1132906,1134198,background window
gaze s1,s1,1134198,1134553,background wall
gaze s1,s1,1134553,1137280,face s3
gaze s1,s1,1137280,1139322,face s2
gaze s1,s1,1139322,1139644,face s3
gaze s1,s1,1139644,1141291,face s2
gaze s1,s1,1141291,1142742,face s3
gaze s1,s1,1142742,1143769,NA
gaze s1,s1,1143769,1143970,body s2
gaze s1,s1,1143970,1145488,NA
gaze s1,s1,1145488,1146574,background wall
gaze s1,s1,1146574,1150652,face s3
gaze s1,s1,1150652,1151477,background wall
gaze s1,s1,1151477,1152241,NA
gaze s1,s1,1152241,1153568,face s3
gaze s1,s1,1153568,1154832,face s2
gaze s1,s1,1154832,1155846,face s3
gaze s1,s1,1155846,1156079,body s3
gaze s1,s1,1156079,1156768,face s3
gaze s1,s1,1156768,1157494,face s2
gaze s1,s1,1157494,1157675,body s2
gaze s1,s1,1157675,1158315,face s2
gaze s1,s1,1158315,1158842,NA
gaze s1,s1,1158842,1159165,face s3
gaze s1,s1,1159165,1159518,NA
gaze s1,s1,1159518,1160276,face s2
gaze s1,s1,1160276,1161365,face s3
gaze s1,s1,1161365,1161874,NA
gaze s1,s1,1161874,1164281,face s3
gaze s1,s1,1164281,1167321,NA
gaze s1,s1,1167321,1167682,background wall
gaze s1,s1,1167682,1169289,face s2
gaze s1,s1,1169289,1169770,background wall
gaze s1,s1,1169770,1170370,face s3
gaze s1,s1,1170371,1171503,background window
gaze s1,s1,1171503,1171919,background camera
gaze s1,s1,1171919,1172653,background floor
gaze s1,s1,1172653,1173090,background wall
gaze s1,s1,1173090,1174368,face s3
gaze s1,s1,1174368,1174851,face s2
gaze s1,s1,1174851,1176246,NA
gaze s1,s1,1176247,1176482,background wall
gaze s1,s1,1176482,1176982,face s3
gaze s1,s1,1176982,1178234,NA
gaze s1,s1,1178234,1184479,face s2
gaze s1,s1,1184479,1185681,NA
gaze s1,s1,1185681,1185963,background wall
gaze s1,s1,1185963,1186124,NA
gaze s1,s1,1186124,1186284,background wall
gaze s1,s1,1186284,1186763,face s2
gaze s1,s1,1186763,1188131,NA
gaze s1,s1,1188131,1188527,face s2
gaze s1,s1,1188527,1188750,face s3
gaze s1,s1,1188750,1190330,face s2
gaze s1,s1,1190330,1191292,NA
gaze s1,s1,1191292,1191602,background wall
gaze s1,s1,1191602,1194119,NA
gaze s1,s1,1194119,1194484,face s2
gaze s1,s1,1194484,1194709,NA
gaze s1,s1,1194711,1195560,face s3
gaze s1,s1,1195560,1196514,NA
gaze s1,s1,1196514,1198015,background wall
gaze s1,s1,1198015,1198538,NA
gaze s1,s1,1198538,1200139,background wall
gaze s2,s2,294726,299247,face s3
gaze s2,s2,299247,301883,gestures s3
gaze s2,s2,301883,303040,face s3
gaze s2,s2,303040,303488,body s3
gaze s2,s2,303488,310834,face s3
gaze s2,s2,310834,311156,background wall
gaze s2,s2,311156,316645,face s1
gaze s2,s2,316645,317232,body s1
gaze s2,s2,317232,323296,face s1
gaze s2,s2,323296,323958,body s1
gaze s2,s2,323958,324470,NA
gaze s2,s2,324470,324727,background camera
gaze s2,s2,324727,325128,face s1
gaze s2,s2,325128,325568,background wall
gaze s2,s2,325568,326119,face s1
gaze s2,s2,326119,326601,NA
gaze s2,s2,326601,327201,face s1
gaze s2,s2,327201,328727,NA
gaze s2,s2,328727,329601,face s1
gaze s2,s2,329601,329833,background wall
gaze s2,s2,329833,330082,face s1
gaze s2,s2,330082,335374,body s1
gaze s2,s2,335374,337361,NA
gaze s2,s2,337361,339734,background camera
gaze s2,s2,339734,341521,background wall
gaze s2,s2,341521,342566,face s3
gaze s2,s2,342566,344164,background wall
gaze s2,s2,344164,345448,face s3
gaze s2,s2,345448,346284,NA
gaze s2,s2,346284,348961,face s1
gaze s2,s2,348961,349242,NA
gaze s2,s2,349242,351806,face s1
gaze s2,s2,351806,352043,NA
gaze s2,s2,352043,353242,face s1
gaze s2,s2,353242,353521,NA
gaze s2,s2,353521,353909,face s1
gaze s2,s2,353909,354125,body s1
gaze s2,s2,354126,355845,face s1
gaze s2,s2,355845,356403,background floor
gaze s2,s2,356403,357202,NA
gaze s2,s2,357202,358769,face s1
gaze s2,s2,358769,366245,face s3
gaze s2,s2,366245,366801,background window
gaze s2,s2,366801,368042,face s1
gaze s2,s2,368042,368404,background wall
gaze s2,s2,368404,368807,face s3
gaze s2,s2,368807,369241,background wall
gaze s2,s2,369241,371285,face s3
gaze s2,s2,371285,371611,NA
gaze s2,s2,371611,371882,face s3
gaze s2,s2,371882,372605,NA
gaze s2,s2,372606,375643,face s3
gaze s2,s2,375643,376049,background wall
gaze s2,s2,376049,376248,face s3
gaze s2,s2,376249,377682,background wall
gaze s2,s2,377682,378058,face s3
gaze s2,s2,378058,378437,background wall
gaze s2,s2,378437,379245,face s3
gaze s2,s2,379245,379601,background wall
gaze s2,s2,379601,381323,face s1
gaze s2,s2,381323,381800,NA
gaze s2,s2,381800,383140,face s1
gaze s2,s2,383140,385853,body s1
gaze s2,s2,385853,387717,face s1
gaze s2,s2,387717,389002,body s1
gaze s2,s2,389002,389804,background wall
gaze s2,s2,389805,391148,face s1
gaze s2,s2,391148,391766,NA
gaze s2,s2,391766,392443,face s1
gaze s2,s2,392444,392976,background wall
gaze s2,s2,392977,393213,body s1
gaze s2,s2,393215,394052,face s1
gaze s2,s2,394052,394327,background wall
gaze s2,s2,394328,395842,face s1
gaze s2,s2,395842,397600,body s1
gaze s2,s2,397600,397973,face s1
gaze s2,s2,397973,398582,background wall
gaze s2,s2,398582,400768,background floor
gaze s2,s2,400768,401606,NA
gaze s2,s2,401606,402011,background camera
gaze s2,s2,402011,402688,body s1
gaze s2,s2,402688,402885,face s1
gaze s2,s2,402885,403879,body s1
gaze s2,s2,403879,405129,face s1
gaze s2,s2,405129,406447,background wall
gaze s2,s2,406447,406925,NA
gaze s2,s2,406926,407082,face s3
gaze s2,s2,407082,407444,NA
gaze s2,s2,407444,409927,face s3
gaze s2,s2,409927,410084,background wall
gaze s2,s2,410084,411404,NA
gaze s2,s2,411404,411573,background camera
gaze s2,s2,411573,412322,face s3
gaze s2,s2,412322,412921,NA
gaze s2,s2,412921,413246,face s3
gaze s2,s2,413246,413554,NA
gaze s2,s2,413554,413900,face s3
gaze s2,s2,413900,415364,background wall
gaze s2,s2,415364,415763,NA
gaze s2,s2,415763,416362,face s1
gaze s2,s2,416362,418321,background ceiling
gaze s2,s2,418321,419524,NA
gaze s2,s2,419524,421519,background floor
gaze s2,s2,421519,422062,background camera
gaze s2,s2,422063,424574,face s1
gaze s2,s2,424574,425977,face s3
gaze s2,s2,425977,426561,NA
gaze s2,s2,426561,427084,background floor
gaze s2,s2,427084,429292,face s1
gaze s2,s2,429294,429719,NA
gaze s2,s2,429719,430611,face s1
gaze s2,s2,430611,431866,background wall
gaze s2,s2,431866,432522,face s3
gaze s2,s2,432522,433722,background wall
gaze s2,s2,433724,434243,face s1
gaze s2,s2,434245,435244,body s1
gaze s2,s2,435244,436362,face s1
gaze s2,s2,436363,436692,background wall
gaze s2,s2,436692,438921,face s1
gaze s2,s2,438921,442394,face s3
gaze s2,s2,442399,442803,background wall
gaze s2,s2,442803,443284,face s1
gaze s2,s2,443284,443611,NA
gaze s2,s2,443611,444065,face s1
gaze s2,s2,444065,444482,background camera
gaze s2,s2,444484,444641,face s1
gaze s2,s2,444641,444890,background wall
gaze s2,s2,444890,445200,NA
gaze s2,s2,445200,445336,background wall
gaze s2,s2,445336,445485,face s1
gaze s2,s2,445485,445988,face s3
gaze s2,s2,445989,448763,NA
gaze s2,s2,448763,450366,background wall
gaze s2,s2,450366,450521,face s1
gaze s2,s2,450521,450923,background camera
gaze s2,s2,450926,452165,face s3
gaze s2,s2,452165,452641,NA
gaze s2,s2,452641,456253,face s1
gaze s2,s2,456254,456535,background wall
gaze s2,s2,456535,457882,NA
gaze s2,s2,457882,458972,background floor
gaze s2,s2,458972,459314,background camera
gaze s2,s2,459314,460131,background wall
gaze s2,s2,460131,461285,face s1
gaze s2,s2,461285,461443,NA
gaze s2,s2,461443,461768,background wall
gaze s2,s2,461768,465853,face s1
gaze s2,s2,465853,466658,background wall
gaze s2,s2,466658,466876,NA
gaze s2,s2,466876,467805,background wall
gaze s2,s2,467805,468125,NA
gaze s2,s2,468125,468515,NA
gaze s2,s2,468515,469059,face s3
gaze s2,s2,469059,469765,NA
gaze s2,s2,469765,470787,face s3
gaze s2,s2,470787,471947,background wall
gaze s2,s2,471948,473930,background floor
gaze s2,s2,473930,476860,face s3
gaze s2,s2,476860,477282,background ceiling
gaze s2,s2,477282,479058,NA
gaze s2,s2,479058,479907,background wall
gaze s2,s2,479907,480222,face s1
gaze s2,s2,480222,480664,background wall
gaze s2,s2,480665,480841,face s1
gaze s2,s2,480841,481110,background wall
gaze s2,s2,481112,482489,face s3
gaze s2,s2,482489,483163,background wall
gaze s2,s2,483163,484129,face s3
gaze s2,s2,484129,484489,NA
gaze s2,s2,484489,484609,background wall
gaze s2,s2,484610,484759,face s3
gaze s2,s2,484759,484932,background wall
gaze s2,s2,484932,485280,face s3
gaze s2,s2,485281,485688,NA
gaze s2,s2,485688,487238,face s3
gaze s2,s2,487238,487648,background ceiling
gaze s2,s2,487648,488875,NA
gaze s2,s2,488875,490668,background floor
gaze s2,s2,490668,491321,face s1
gaze s2,s2,491321,491780,background own body
gaze s2,s2,491780,492041,face s3
gaze s2,s2,492041,492229,background wall
gaze s2,s2,492231,492404,NA
gaze s2,s2,492404,492765,face s3
gaze s2,s2,492765,493242,background wall
gaze s2,s2,493242,493854,face s3
gaze s2,s2,493854,494007,background wall
gaze s2,s2,494007,494210,face s3
gaze s2,s2,494210,494617,background wall
gaze s2,s2,494617,499644,face s1
gaze s2,s2,499644,500825,body s1
gaze s2,s2,500825,503604,face s1
gaze s2,s2,503604,503937,gestures s1
gaze s2,s2,503937,504169,face s1
gaze s2,s2,504169,513128,face s3
gaze s2,s2,513128,514061,gestures s3
gaze s2,s2,514061,516220,NA
gaze s2,s2,516220,518079,face s3
gaze s2,s2,518079,521371,background wall
gaze s2,s2,521371,522109,face s3
gaze s2,s2,522109,522366,gestures s3
gaze s2,s2,522366,523507,face s3
gaze s2,s2,523507,523777,body s3
gaze s2,s2,523777,526450,face s3
gaze s2,s2,526450,526758,NA
gaze s2,s2,526758,527804,face s3
gaze s2,s2,527804,527923,NA
gaze s2,s2,527923,528471,face s3
gaze s2,s2,528471,529203,body s3
gaze s2,s2,529203,529324,background floor
gaze s2,s2,529324,529732,NA
gaze s2,s2,529732,530163,face s1
gaze s2,s2,530166,531023,face s3
gaze s2,s2,531023,532604,NA
gaze s2,s2,532605,534213,face s3
gaze s2,s2,534213,534488,background wall
gaze s2,s2,534488,534685,face s3
gaze s2,s2,534685,534924,background wall
gaze s2,s2,534925,536484,face s3
gaze s2,s2,536484,537160,background wall
gaze s2,s2,537160,537460,face s3
gaze s2,s2,537460,538167,background wall
gaze s2,s2,538167,538889,face s3
gaze s2,s2,538889,539099,background wall
gaze s2,s2,539099,541775,face s3
gaze s2,s2,541775,543413,face s1
gaze s2,s2,543416,543687,background wall
gaze s2,s2,543687,545961,face s3
gaze s2,s2,545961,546416,background ceiling
gaze s2,s2,546416,547479,face s3
gaze s2,s2,547479,548850,body s3
gaze s2,s2,548850,549340,background floor
gaze s2,s2,549340,549802,NA
gaze s2,s2,549802,550285,face s1
gaze s2,s2,550285,550811,body s1
gaze s2,s2,550811,552280,face s1
gaze s2,s2,552282,552771,body s1
gaze s2,s2,552771,553281,face s1
gaze s2,s2,553281,554467,body s1
gaze s2,s2,554468,555964,face s1
gaze s2,s2,555965,556665,body s1
gaze s2,s2,556665,558158,face s1
gaze s2,s2,558158,558615,body s1
gaze s2,s2,558615,559448,face s1
gaze s2,s2,559448,559660,body s1
gaze s2,s2,559660,562202,face s1
gaze s2,s2,562202,562964,face s3
gaze s2,s2,562964,563363,background wall
gaze s2,s2,563363,563541,face s3
gaze s2,s2,563541,563967,background wall
gaze s2,s2,563967,565165,NA
gaze s2,s2,565165,565293,background wall
gaze s2,s2,565293,568258,face s1
gaze s2,s2,568258,568733,gestures s1
gaze s2,s2,568733,569540,face s1
gaze s2,s2,569540,570329,NA
gaze s2,s2,570329,570480,background wall
gaze s2,s2,570482,572371,face s3
gaze s2,s2,572371,573452,face s1
gaze s2,s2,573452,576988,background floor
gaze s2,s2,576988,585128,face s3
gaze s2,s2,585128,585374,gestures s3
gaze s2,s2,585374,586088,face s3
gaze s2,s2,586088,586322,gestures s3
gaze s2,s2,586322,586901,face s3
gaze s2,s2,586901,587022,gestures s3
gaze s2,s2,587025,587528,NA
gaze s2,s2,587528,588570,face s3
gaze s2,s2,588572,589045,NA
gaze s2,s2,589045,593154,face s1
gaze s2,s2,593154,593488,background wall
gaze s2,s2,593488,593806,NA
gaze s2,s2,593806,594089,background wall
gaze s2,s2,594089,594554,NA
gaze s2,s2,594555,594967,background wall
gaze s2,s2,594969,595491,face s3
gaze s2,s2,595491,596014,background camera
gaze s2,s2,596014,599040,face s1
gaze s2,s2,599040,599810,background camera
gaze s2,s2,599810,600046,background floor
gaze s2,s2,600046,601895,background camera
gaze s2,s2,601899,603381,background floor
gaze s2,s2,603382,603565,background camera
gaze s2,s2,603565,605572,face s1
gaze s2,s2,605572,606126,NA
gaze s2,s2,606127,607720,face s1
gaze s2,s2,607720,607864,body s1
gaze s2,s2,607864,610366,background wall
gaze s2,s2,610366,615058,face s3
gaze s2,s2,615058,615561,background wall
gaze s2,s2,615561,616723,face s3
gaze s2,s2,616723,617684,background wall
gaze s2,s2,617684,618167,face s3
gaze s2,s2,618167,618969,NA
gaze s2,s2,618970,620032,face s3
gaze s2,s2,620032,622162,face s1
gaze s2,s2,622162,623253,body s1
gaze s2,s2,623253,623965,background wall
gaze s2,s2,623965,624687,face s1
gaze s2,s2,624687,624879,NA
gaze s2,s2,624879,625362,background wall
gaze s2,s2,625362,626325,body s1
gaze s2,s2,626325,629289,face s1
gaze s2,s2,629289,630367,background floor
gaze s2,s2,630368,631137,background camera
gaze s2,s2,631137,631423,face s1
gaze s2,s2,631423,632139,body s1
gaze s2,s2,632139,632885,background floor
gaze s2,s2,632888,633320,body s1
gaze s2,s2,633320,634330,face s1
gaze s2,s2,634332,634621,body s1
gaze s2,s2,634622,635690,face s1
gaze s2,s2,635690,636203,body s1
gaze s2,s2,636203,637169,face s1
gaze s2,s2,637169,637447,background wall
gaze s2,s2,637449,639643,NA
gaze s2,s2,639643,643453,face s3
gaze s2,s2,643453,644327,background floor
gaze s2,s2,644327,646985,face s3
gaze s2,s2,646986,648010,background wall
gaze s2,s2,648010,649246,face s3
gaze s2,s2,649246,652489,body s3
gaze s2,s2,652489,654530,face s3
gaze s2,s2,654530,655085,NA
gaze s2,s2,655085,656178,face s3
gaze s2,s2,656178,656644,background wall
gaze s2,s2,656644,657884,face s3
gaze s2,s2,657884,659403,background wall
gaze s2,s2,659403,671849,face s3
gaze s2,s2,671849,672046,background floor
gaze s2,s2,672047,672330,face s3
gaze s2,s2,672330,672571,background floor
gaze s2,s2,672574,672772,face s3
gaze s2,s2,672772,672926,background wall
gaze s2,s2,672926,673365,NA
gaze s2,s2,673365,673568,face s3
gaze s2,s2,673571,673763,NA
gaze s2,s2,673763,674207,face s3
gaze s2,s2,674207,674565,body s3
gaze s2,s2,674566,675083,background wall
gaze s2,s2,675084,678929,face s3
gaze s2,s2,678929,679906,background wall
gaze s2,s2,679906,680689,body s3
gaze s2,s2,680689,682768,face s3
gaze s2,s2,682768,683321,body s3
gaze s2,s2,683321,686904,face s3
gaze s2,s2,686905,691043,face s1
gaze s2,s2,691043,691439,body s1
gaze s2,s2,691439,691621,face s1
gaze s2,s2,691621,694976,face s3
gaze s2,s2,694977,696608,NA
gaze s2,s2,696608,697252,face s3
gaze s2,s2,697252,698682,NA
gaze s2,s2,698682,698928,background ceiling
gaze s2,s2,698928,699420,background wall
gaze s2,s2,699421,701201,face s1
gaze s2,s2,701201,701843,NA
gaze s2,s2,701843,702124,background wall
gaze s2,s2,702125,702742,face s1
gaze s2,s2,702743,703754,face s3
gaze s2,s2,703754,704903,NA
gaze s2,s2,704904,706009,face s3
gaze s2,s2,706009,707485,background floor
gaze s2,s2,707485,709616,face s3
gaze s2,s2,709616,710001,background wall
gaze s2,s2,710001,710772,face s3
gaze s2,s2,710772,711171,background wall
gaze s2,s2,711172,712725,face s3
gaze s2,s2,712727,714325,face s1
gaze s2,s2,714325,714575,body s1
gaze s2,s2,714575,717204,face s1
gaze s2,s2,717204,717605,NA
gaze s2,s2,717606,717987,face s3
gaze s2,s2,717989,720329,face s1
gaze s2,s2,720330,720610,background floor
gaze s2,s2,720610,723606,face s1
gaze s2,s2,723606,724806,NA
gaze s2,s2,724806,725812,face s3
gaze s2,s2,725812,726171,body s3
gaze s2,s2,726171,728053,face s3
gaze s2,s2,728054,728174,background wall
gaze s2,s2,728174,728894,NA
gaze s2,s2,728894,729536,background wall
gaze s2,s2,729536,730585,face s3
gaze s2,s2,730585,731247,body s3
gaze s2,s2,731247,732968,face s3
gaze s2,s2,732968,733164,background wall
gaze s2,s2,733164,733324,face s3
gaze s2,s2,733324,737489,face s1
gaze s2,s2,737490,738520,NA
gaze s2,s2,738520,739606,background floor
gaze s2,s2,739606,740575,background wall
gaze s2,s2,740576,740810,NA
gaze s2,s2,740810,741621,background ceiling
gaze s2,s2,741621,742257,background own body
gaze s2,s2,742257,742867,background wall
gaze s2,s2,742867,745166,face s1
gaze s2,s2,745166,745288,background wall
gaze s2,s2,745288,746562,NA
gaze s2,s2,746562,747764,background wall
gaze s2,s2,747764,748926,background ceiling
gaze s2,s2,748926,750560,background wall
gaze s2,s2,750560,751655,face s1
gaze s2,s2,751657,752138,background wall
gaze s2,s2,752138,753448,NA
gaze s2,s2,753449,757567,face s1
gaze s2,s2,757567,757842,background wall
gaze s2,s2,757842,758728,NA
gaze s2,s2,758728,759971,face s1
gaze s2,s2,759971,761140,face s3
gaze s2,s2,761140,762132,face s1
gaze s2,s2,762132,762328,background wall
gaze s2,s2,762328,762807,NA
gaze s2,s2,762807,763526,background wall
gaze s2,s2,763526,763775,NA
gaze s2,s2,763775,766765,background ceiling
gaze s2,s2,766765,769332,face s1
gaze s2,s2,769332,770728,NA
gaze s2,s2,770728,771979,background wall
gaze s2,s2,771979,772760,face s1
gaze s2,s2,772760,773057,background wall
gaze s2,s2,773057,773885,face s3
gaze s2,s2,773885,774600,NA
gaze s2,s2,774600,775725,face s3
gaze s2,s2,775725,777281,background wall
gaze s2,s2,777281,777403,NA
gaze s2,s2,777403,779365,face s3
gaze s2,s2,779365,779648,NA
gaze s2,s2,779648,781164,face s1
gaze s2,s2,781164,781284,background floor
gaze s2,s2,781284,781768,NA
gaze s2,s2,781768,782364,face s1
gaze s2,s2,782364,782920,background wall
gaze s2,s2,782920,783525,NA
gaze s2,s2,783525,788243,face s1
gaze s2,s2,788243,788489,background camera
gaze s2,s2,788489,791762,face s1
gaze s2,s2,791762,792292,background wall
gaze s2,s2,792292,792422,face s3
gaze s2,s2,792423,792723,NA
gaze s2,s2,792723,792961,body s3
gaze s2,s2,792961,793169,body s1
gaze s2,s2,793169,793529,background camera
gaze s2,s2,793529,795668,face s1
gaze s2,s2,795668,796415,face s3
gaze s2,s2,796415,796656,body s1
gaze s2,s2,796656,797006,NA
gaze s2,s2,797006,797370,face s1
gaze s2,s2,797370,800764,face s3
gaze s2,s2,800764,801806,background wall
gaze s2,s2,801806,802007,NA
gaze s2,s2,802007,802492,background wall
gaze s2,s2,802492,806328,face s1
gaze s2,s2,806328,806482,body s1
gaze s2,s2,806482,806885,face s1
gaze s2,s2,806885,807122,background camera
gaze s2,s2,807123,809282,face s1
gaze s2,s2,809282,809771,background wall
gaze s2,s2,809771,810031,face s3
gaze s2,s2,810031,811364,background wall
gaze s2,s2,811364,811884,face s1
gaze s2,s2,811884,812206,background wall
gaze s2,s2,812206,812454,background camera
gaze s2,s2,812454,813043,face s1
gaze s2,s2,813043,813643,NA
gaze s2,s2,813643,814002,face s3
gaze s2,s2,814002,814362,NA
gaze s2,s2,814362,814529,face s1
gaze s2,s2,814529,816565,face s3
gaze s2,s2,816565,820891,background wall
gaze s2,s2,820891,821160,background camera
gaze s2,s2,821160,822212,background floor
gaze s2,s2,822212,822525,background own body
gaze s2,s2,822525,822776,background camera
gaze s2,s2,822776,823082,background own gestures
gaze s2,s2,823082,825160,face s3
gaze s2,s2,825160,825820,face s1
gaze s2,s2,825820,827325,face s3
gaze s2,s2,827325,827739,background camera
gaze s2,s2,827739,828884,background wall
gaze s2,s2,828884,829565,NA
gaze s2,s2,829565,833243,face s1
gaze s2,s2,833243,833565,background camera
gaze s2,s2,833565,834006,face s3
gaze s2,s2,834006,834528,NA
gaze s2,s2,834528,835207,background floor
gaze s2,s2,835207,836778,face s3
gaze s2,s2,836778,837243,background floor
gaze s2,s2,837243,837487,NA
gaze s2,s2,837487,837800,background wall
gaze s2,s2,837800,839684,face s3
gaze s2,s2,839684,839887,background camera
gaze s2,s2,839887,841801,face s3
gaze s2,s2,841801,842612,background wall
gaze s2,s2,842612,843760,face s1
gaze s2,s2,843760,844092,background floor
gaze s2,s2,844092,846732,face s1
gaze s2,s2,846732,847129,background wall
gaze s2,s2,847130,847609,NA
gaze s2,s2,847609,852048,face s1
gaze s2,s2,852048,852368,body s1
gaze s2,s2,852368,852564,face s1
gaze s2,s2,852564,853325,body s1
gaze s2,s2,853325,853681,face s1
gaze s2,s2,853681,854329,body s1
gaze s2,s2,854329,856125,face s1
gaze s2,s2,856125,856490,body s1
gaze s2,s2,856490,856684,face s1
gaze s2,s2,856684,856914,NA
gaze s2,s2,856914,857040,body s1
gaze s2,s2,857040,857326,NA
gaze s2,s2,857326,861162,face s1
gaze s2,s2,861162,865615,face s3
gaze s2,s2,865615,866368,background wall
gaze s2,s2,866368,866800,face s3
gaze s2,s2,866800,866968,NA
gaze s2,s2,866968,870048,face s3
gaze s2,s2,870048,870385,NA
gaze s2,s2,870385,875723,face s1
gaze s2,s2,875723,877329,background wall
gaze s2,s2,877329,879043,face s1
gaze s2,s2,879045,879406,background wall
gaze s2,s2,879406,879526,face s1
gaze s2,s2,879526,879871,NA
gaze s2,s2,879871,880048,background wall
gaze s2,s2,880048,880775,NA
gaze s2,s2,880775,887405,background camera
gaze s2,s2,887405,887812,NA
gaze s2,s2,887812,890970,face s3
gaze s2,s2,890970,891532,NA
gaze s2,s2,891532,892251,background wall
gaze s2,s2,892251,894245,face s3
gaze s2,s2,894245,896446,background wall
gaze s2,s2,896446,896654,NA
gaze s2,s2,896654,897660,background wall
gaze s2,s2,897660,898253,background camera
gaze s2,s2,898253,898921,NA
gaze s2,s2,898921,899176,face s3
gaze s2,s2,899176,900364,background camera
gaze s2,s2,900364,904160,face s1
gaze s2,s2,904160,904362,background camera
gaze s2,s2,904362,904851,face s1
gaze s2,s2,904851,905009,background wall
gaze s2,s2,905009,907335,face s1
gaze s2,s2,907335,908565,face s3
gaze s2,s2,908565,909646,face s1
gaze s2,s2,909646,909842,NA
gaze s2,s2,909842,910409,face s1
gaze s2,s2,910409,910657,background wall
gaze s2,s2,910657,911329,face s1
gaze s2,s2,911329,911804,background wall
gaze s2,s2,911804,912473,face s1
gaze s2,s2,912473,912690,body s1
gaze s2,s2,912690,912973,NA
gaze s2,s2,912973,916123,face s1
gaze s2,s2,916123,916729,background wall
gaze s2,s2,916729,917048,background camera
gaze s2,s2,917048,918321,face s1
gaze s2,s2,918321,918681,NA
gaze s2,s2,918681,919168,face s1
gaze s2,s2,919168,919728,background camera
gaze s2,s2,919728,921453,body s1
gaze s2,s2,921453,922248,face s3
gaze s2,s2,922248,923403,background down
gaze s2,s2,923403,923809,NA
gaze s2,s2,923809,927084,face s3
gaze s2,s2,927084,934092,face s1
gaze s2,s2,934092,934492,NA
gaze s2,s2,934492,935092,face s1
gaze s2,s2,935092,935485,gestures s1
gaze s2,s2,935485,936640,NA
gaze s2,s2,936640,937765,body s1
gaze s2,s2,937765,938087,background camera
gaze s2,s2,938087,944015,face s3
gaze s2,s2,944015,944285,background wall
gaze s2,s2,944285,944848,NA
gaze s2,s2,944848,945164,background wall
gaze s2,s2,945165,945575,NA
gaze s2,s2,945575,946001,background ceiling
gaze s2,s2,946001,946967,NA
gaze s2,s2,946967,947240,background ceiling
gaze s2,s2,947242,947726,NA
gaze s2,s2,947726,949969,face s3
gaze s2,s2,949969,950406,NA
gaze s2,s2,950406,950723,face s3
gaze s2,s2,950723,951321,NA
gaze s2,s2,951321,951923,face s3
gaze s2,s2,951923,952440,NA
gaze s2,s2,952440,954081,face s3
gaze s2,s2,954081,954523,face s1
gaze s2,s2,954523,954960,NA
gaze s2,s2,954960,955081,background wall
gaze s2,s2,955081,955284,NA
gaze s2,s2,955284,962682,face s1
gaze s2,s2,962682,962892,body s1
gaze s2,s2,962892,966364,face s1
gaze s2,s2,966364,966701,gestures s1
gaze s2,s2,966701,973365,face s1
gaze s2,s2,973365,974000,NA
gaze s2,s2,974000,975010,face s1
gaze s2,s2,975010,979330,face s3
gaze s2,s2,979330,981403,face s1
gaze s2,s2,981403,981603,gestures s1
gaze s2,s2,981604,982625,face s1
gaze s2,s2,982625,984317,NA
gaze s2,s2,984317,984442,background window
gaze s2,s2,984442,984772,background wall
gaze s2,s2,984775,985246,NA
gaze s2,s2,985246,985803,background camera
gaze s2,s2,985804,986166,face s1
gaze s2,s2,986167,986407,NA
gaze s2,s2,986408,986772,face s1
gaze s2,s2,986772,986923,NA
gaze s2,s2,986924,987601,face s1
gaze s2,s2,987602,987802,NA
gaze s2,s2,987803,988011,background wall
gaze s2,s2,988011,988242,NA
gaze s2,s2,988242,988486,background wall
gaze s2,s2,988486,988687,NA
gaze s2,s2,988687,989683,face s1
gaze s2,s2,989684,989943,background down
gaze s2,s2,989943,990162,face s1
gaze s2,s2,990162,990844,background camera
gaze s2,s2,990844,991444,NA
gaze s2,s2,991445,992698,gestures s1
gaze s2,s2,992698,998640,face s1
gaze s2,s2,998640,1000964,background camera
gaze s2,s2,1000964,1001882,body s1
gaze s2,s2,1001882,1002005,background wall
gaze s2,s2,1002005,1002205,body s1
gaze s2,s2,1002207,1010519,face s1
gaze s2,s2,1010519,1010728,body s1
gaze s2,s2,1010728,1029359,face s1
gaze s2,s2,1029359,1029568,background camera
gaze s2,s2,1029568,1030006,NA
gaze s2,s2,1030006,1031409,face s3
gaze s2,s2,1031409,1032808,NA
gaze s2,s2,1032809,1032944,face s1
gaze s2,s2,1032945,1033153,background camera
gaze s2,s2,1033153,1035635,background floor
gaze s2,s2,1035635,1039720,face s1
gaze s2,s2,1039720,1040322,background own body
gaze s2,s2,1040322,1040923,NA
gaze s2,s2,1040923,1043285,face s1
gaze s2,s2,1043286,1044372,body s1
gaze s2,s2,1044372,1046492,face s1
gaze s2,s2,1046493,1048160,body s1
gaze s2,s2,1048160,1049884,face s1
gaze s2,s2,1049884,1050489,gestures s1
gaze s2,s2,1050489,1051002,face s1
gaze s2,s2,1051002,1051251,background wall
gaze s2,s2,1051251,1051403,face s1
gaze s2,s2,1051403,1051845,NA
gaze s2,s2,1051845,1052766,face s1
gaze s2,s2,1052766,1053176,body s1
gaze s2,s2,1053176,1053366,face s1
gaze s2,s2,1053367,1054125,body s1
gaze s2,s2,1054125,1054886,face s1
gaze s2,s2,1054886,1055723,body s1
gaze s2,s2,1055723,1056893,background down
gaze s2,s2,1056893,1057082,body s1
gaze s2,s2,1057082,1057245,NA
gaze s2,s2,1057245,1058201,face s1
gaze s2,s2,1058203,1058373,body s1
gaze s2,s2,1058374,1058762,background wall
gaze s2,s2,1058763,1059005,NA
gaze s2,s2,1059006,1059645,background camera
gaze s2,s2,1059645,1060242,NA
gaze s2,s2,1060242,1060447,background wall
gaze s2,s2,1060448,1060979,face s1
gaze s2,s2,1060981,1062000,background camera
gaze s2,s2,1062000,1062599,NA
gaze s2,s2,1062599,1062886,background wall
gaze s2,s2,1062886,1063812,face s3
gaze s2,s2,1063812,1064081,NA
gaze s2,s2,1064081,1064443,face s3
gaze s2,s2,1064443,1065001,background wall
gaze s2,s2,1065001,1069721,face s1
gaze s2,s2,1069721,1069885,body s1
gaze s2,s2,1069885,1072725,face s1
gaze s2,s2,1072725,1073562,body s1
gaze s2,s2,1073562,1075243,background camera
gaze s2,s2,1075243,1075920,face s1
gaze s2,s2,1075921,1076772,body s1
gaze s2,s2,1076773,1077403,face s1
gaze s2,s2,1077403,1077689,gestures s1
gaze s2,s2,1077689,1079756,face s1
gaze s2,s2,1079756,1080283,body s1
gaze s2,s2,1080283,1082815,background down
gaze s2,s2,1082816,1085161,face s1
gaze s2,s2,1085161,1086039,NA
gaze s2,s2,1086039,1088630,background down
gaze s2,s2,1088630,1089175,NA
gaze s2,s2,1089176,1089614,background wall
gaze s2,s2,1089614,1091567,face s1
gaze s2,s2,1091567,1092286,background window
gaze s2,s2,1092286,1092721,background wall
gaze s2,s2,1092721,1092926,background window
gaze s2,s2,1092926,1093748,background wall
gaze s2,s2,1093750,1094030,background ceiling
gaze s2,s2,1094030,1095102,background wall
gaze s2,s2,1095102,1096284,background ceiling
gaze s2,s2,1096287,1096644,face s1
gaze s2,s2,1096644,1096961,body s1
gaze s2,s2,1096961,1097852,face s1
gaze s2,s2,1097852,1098257,background wall
gaze s2,s2,1098257,1105165,face s1
gaze s2,s2,1105165,1106366,background eyes closed
gaze s2,s2,1106366,1107302,face s1
gaze s2,s2,1107303,1108167,body s1
gaze s2,s2,1108167,1109411,face s1
gaze s2,s2,1109411,1109698,background down
gaze s2,s2,1109698,1109858,body s1
gaze s2,s2,1109860,1110925,face s1
gaze s2,s2,1110925,1111089,body s1
gaze s2,s2,1111090,1111458,face s1
gaze s2,s2,1111458,1111682,gestures s1
gaze s2,s2,1111682,1122762,face s1
gaze s2,s2,1122762,1122884,gestures s1
gaze s2,s2,1122884,1128241,face s1
gaze s2,s2,1128241,1128608,gestures s1
gaze s2,s2,1128609,1129563,face s1
gaze s2,s2,1129563,1129702,body s1
gaze s2,s2,1129702,1130406,background floor
gaze s2,s2,1130406,1130605,background camera
gaze s2,s2,1130605,1132362,face s1
gaze s2,s2,1132363,1133162,gestures s1
gaze s2,s2,1133163,1133802,face s1
gaze s2,s2,1133802,1134162,body s1
gaze s2,s2,1134162,1134603,face s1
gaze s2,s2,1134603,1135606,face s3
gaze s2,s2,1135607,1137406,face s1
gaze s2,s2,1137406,1137573,background floor
gaze s2,s2,1137574,1140168,face s1
gaze s2,s2,1140169,1140722,NA
gaze s2,s2,1140722,1141417,background camera
gaze s2,s2,1141417,1143847,background floor
gaze s2,s2,1143847,1146100,background camera
gaze s2,s2,1146100,1149003,face s3
gaze s2,s2,1149003,1149328,background wall
gaze s2,s2,1149328,1149764,NA
gaze s2,s2,1149765,1151537,background wall
gaze s2,s2,1151537,1153648,face s1
gaze s2,s2,1153649,1153964,body s1
gaze s2,s2,1153964,1155840,face s1
gaze s2,s2,1155840,1156246,NA
gaze s2,s2,1156247,1157042,face s1
gaze s2,s2,1157042,1157508,background wall
gaze s2,s2,1157508,1158048,background eyes closed
gaze s2,s2,1158049,1158777,background floor
gaze s2,s2,1158777,1160520,face s1
gaze s2,s2,1160520,1160647,background wall
gaze s2,s2,1160648,1161882,NA
gaze s2,s2,1161882,1163148,background wall
gaze s2,s2,1163148,1164719,face s1
gaze s2,s2,1164719,1166720,NA
gaze s2,s2,1166720,1167115,background wall
gaze s2,s2,1167115,1169481,face s1
gaze s2,s2,1169481,1169769,background wall
gaze s2,s2,1169769,1170603,face s1
gaze s2,s2,1170603,1170764,NA
gaze s2,s2,1170766,1172365,face s1
gaze s2,s2,1172365,1172929,background wall
gaze s2,s2,1172929,1174065,NA
gaze s2,s2,1174065,1175162,face s1
gaze s2,s2,1175162,1175817,background wall
gaze s2,s2,1175817,1178406,face s1
gaze s2,s2,1178407,1179404,NA
gaze s2,s2,1179405,1179811,background floor
gaze s2,s2,1179812,1180203,body s1
gaze s2,s2,1180203,1180546,background floor
gaze s2,s2,1180546,1182003,face s1
gaze s2,s2,1182003,1182364,NA
gaze s2,s2,1182364,1182568,background wall
gaze s2,s2,1182569,1183133,NA
gaze s2,s2,1183133,1183685,background camera
gaze s2,s2,1183685,1184041,background floor
gaze s2,s2,1184041,1184166,background camera
gaze s2,s2,1184166,1184607,NA
gaze s2,s2,1184607,1184884,background wall
gaze s2,s2,1184884,1185442,background wall
gaze s2,s2,1185442,1188798,face s3
gaze s2,s2,1188798,1189528,face s1
gaze s2,s2,1189528,1189889,face s3
gaze s2,s2,1189890,1190610,NA
gaze s2,s2,1190610,1191486,background camera
gaze s2,s2,1191486,1191680,background wall
gaze s2,s2,1191680,1194410,face s3
gaze s2,s2,1194410,1194679,background wall
gaze s2,s2,1194679,1196167,face s3
gaze s2,s2,1196167,1196402,background wall
gaze s2,s2,1196402,1197373,face s1
gaze s2,s2,1197373,1197640,background camera
gaze s2,s2,1197640,1198444,face s3
gaze s2,s2,1198444,1199731,NA
gaze s3,s3,295837,303484,face s1
gaze s3,s3,303484,305558,background wall
gaze s3,s3,305558,306683,face s1
gaze s3,s3,306683,308920,NA
gaze s3,s3,308920,309159,face s1
gaze s3,s3,309159,309683,NA
gaze s3,s3,309683,312042,face s1
gaze s3,s3,312042,312291,body s1
gaze s3,s3,312291,316169,face s1
gaze s3,s3,316169,316489,background wall
gaze s3,s3,316489,317165,face s1
gaze s3,s3,317165,317311,body s1
gaze s3,s3,317311,320370,face s1
gaze s3,s3,320370,321206,body s1
gaze s3,s3,321206,326757,face s1
gaze s3,s3,326757,327041,body s1
gaze s3,s3,327041,327808,face s1
gaze s3,s3,327809,333207,background floor
gaze s3,s3,333207,334010,face s1
gaze s3,s3,334010,335170,NA
gaze s3,s3,335171,336005,face s1
gaze s3,s3,336005,336662,NA
gaze s3,s3,336664,336974,face s2
gaze s3,s3,336974,337215,NA
gaze s3,s3,337215,338340,face s1
gaze s3,s3,338340,338921,face s2
gaze s3,s3,338921,339413,NA
gaze s3,s3,339413,339618,background wall
gaze s3,s3,339618,340403,background floor
gaze s3,s3,340403,341404,face s1
gaze s3,s3,341404,341546,NA
gaze s3,s3,341546,341726,background wall
gaze s3,s3,341727,342238,NA
gaze s3,s3,342239,344295,background own body
gaze s3,s3,344295,345204,background wall
gaze s3,s3,345204,350763,face s1
gaze s3,s3,350763,350943,body s2
gaze s3,s3,350943,357800,face s2
gaze s3,s3,357800,358901,face s2
gaze s3,s3,358901,360896,NA
gaze s3,s3,360897,361103,background wall
gaze s3,s3,361105,362071,face s1
gaze s3,s3,362071,363299,background own body
gaze s3,s3,363299,364366,face s1
gaze s3,s3,364366,365404,background floor
gaze s3,s3,365404,366161,face s1
gaze s3,s3,366161,368125,background wall
gaze s3,s3,368125,369153,background floor
gaze s3,s3,369153,370684,face s1
gaze s3,s3,370684,371532,face s2
gaze s3,s3,371534,372094,NA
gaze s3,s3,372096,374051,face s1
gaze s3,s3,374051,375925,NA
gaze s3,s3,375925,377065,background wall
gaze s3,s3,377065,380328,face s1
gaze s3,s3,380328,380478,background floor
gaze s3,s3,380478,381297,face s1
gaze s3,s3,381297,381446,gestures s1
gaze s3,s3,381446,384697,face s1
gaze s3,s3,384697,385292,body s1
gaze s3,s3,385293,386173,face s1
gaze s3,s3,386175,387003,background wall
gaze s3,s3,387003,394920,face s1
gaze s3,s3,394920,396179,background wall
gaze s3,s3,396179,396531,face s1
gaze s3,s3,396531,397898,NA
gaze s3,s3,397898,398021,body s1
gaze s3,s3,398022,398643,face s1
gaze s3,s3,398643,399004,body s1
gaze s3,s3,399004,399241,background down
gaze s3,s3,399241,400362,face s1
gaze s3,s3,400362,400507,body s1
gaze s3,s3,400507,402561,face s1
gaze s3,s3,402561,403717,background wall
gaze s3,s3,403717,404005,NA
gaze s3,s3,404005,406523,face s1
gaze s3,s3,406525,407321,background wall
gaze s3,s3,407323,407964,face s1
gaze s3,s3,407964,409172,face s2
gaze s3,s3,409172,409444,body s1
gaze s3,s3,409444,409646,face s1
gaze s3,s3,409646,409806,background wall
gaze s3,s3,409808,410607,NA
gaze s3,s3,410607,411485,face s1
gaze s3,s3,411485,412010,face s2
gaze s3,s3,412010,413280,face s1
gaze s3,s3,413280,414574,NA
gaze s3,s3,414574,415767,face s1
gaze s3,s3,415767,416402,face s2
gaze s3,s3,416402,417861,background floor
gaze s3,s3,417861,423570,face s2
gaze s3,s3,423570,424202,face s1
gaze s3,s3,424202,424362,background wall
gaze s3,s3,424363,426084,NA
gaze s3,s3,426084,426803,face s2
gaze s3,s3,426804,427054,face s1
gaze s3,s3,427057,427366,NA
gaze s3,s3,427366,428524,face s1
gaze s3,s3,428524,431209,face s2
gaze s3,s3,431209,431646,NA
gaze s3,s3,431646,437120,face s2
gaze s3,s3,437120,441397,face s1
gaze s3,s3,441397,441530,background wall
gaze s3,s3,441530,442765,NA
gaze s3,s3,442765,447491,face s2
gaze s3,s3,447491,449460,face s1
gaze s3,s3,449461,450131,body s1
gaze s3,s3,450131,450665,face s1
gaze s3,s3,450666,452245,face s2
gaze s3,s3,452245,452443,NA
gaze s3,s3,452443,453985,face s1
gaze s3,s3,453985,454482,gestures s1
gaze s3,s3,454482,458390,face s1
gaze s3,s3,458390,459475,background wall
gaze s3,s3,459476,462767,face s2
gaze s3,s3,462767,466246,face s1
gaze s3,s3,466246,466443,NA
gaze s3,s3,466443,467091,body s1
gaze s3,s3,467091,467482,face s1
gaze s3,s3,467482,467963,body s1
gaze s3,s3,467963,469407,face s1
gaze s3,s3,469407,469718,NA
gaze s3,s3,469718,471840,background floor
gaze s3,s3,471840,476682,background camera
gaze s3,s3,476682,477918,face s1
gaze s3,s3,477918,480712,background camera
gaze s3,s3,480712,483161,face s1
gaze s3,s3,483161,483375,NA
gaze s3,s3,483375,484485,background own gestures
gaze s3,s3,484488,485204,face s1
gaze s3,s3,485204,485970,face s2
gaze s3,s3,485970,490049,face s1
gaze s3,s3,490049,490204,NA
gaze s3,s3,490204,491013,background wall
gaze s3,s3,491013,491252,face s1
gaze s3,s3,491255,494925,face s2
gaze s3,s3,494925,499662,face s1
gaze s3,s3,499662,500094,NA
gaze s3,s3,500094,502083,face s1
gaze s3,s3,502083,503659,face s2
gaze s3,s3,503659,506319,face s1
gaze s3,s3,506319,506680,NA
gaze s3,s3,506680,506805,background wall
gaze s3,s3,506805,508997,face s1
gaze s3,s3,508997,509122,background floor
gaze s3,s3,509122,509890,face s1
gaze s3,s3,509892,511116,background wall
gaze s3,s3,511116,512328,face s1
gaze s3,s3,512328,513358,background down
gaze s3,s3,513358,514767,face s1
gaze s3,s3,514767,515561,face s2
gaze s3,s3,515561,516525,face s1
gaze s3,s3,516527,518039,background wall
gaze s3,s3,518039,518207,face s1
gaze s3,s3,518207,518529,background wall
gaze s3,s3,518530,520037,face s1
gaze s3,s3,520037,520540,NA
gaze s3,s3,520540,520812,background ceiling
gaze s3,s3,520812,521800,face s1
gaze s3,s3,521800,522607,background down
gaze s3,s3,522609,523608,face s1
gaze s3,s3,523608,525405,face s2
gaze s3,s3,525405,526807,face s1
gaze s3,s3,526807,527312,background wall
gaze s3,s3,527312,527537,face s1
gaze s3,s3,527537,528216,background down
gaze s3,s3,528216,531575,face s1
gaze s3,s3,531575,532128,face s2
gaze s3,s3,532128,533560,NA
gaze s3,s3,533560,533884,face s1
gaze s3,s3,533884,534989,background wall
gaze s3,s3,534989,535440,face s1
gaze s3,s3,535440,537706,background floor
gaze s3,s3,537706,539357,face s1
gaze s3,s3,539357,540689,background wall
gaze s3,s3,540689,543847,face s1
gaze s3,s3,543847,544488,background wall
gaze s3,s3,544488,545805,face s1
gaze s3,s3,545805,545921,background floor
gaze s3,s3,545921,546041,body s1
gaze s3,s3,546041,556121,face s1
gaze s3,s3,556124,556645,NA
gaze s3,s3,556646,557767,background wall
gaze s3,s3,557767,558475,face s1
gaze s3,s3,558475,558767,body s1
gaze s3,s3,558767,561767,face s1
gaze s3,s3,561767,561972,background floor
gaze s3,s3,561973,562118,face s1
gaze s3,s3,562118,563162,face s2
gaze s3,s3,563162,563320,NA
gaze s3,s3,563320,563840,face s1
gaze s3,s3,563840,563964,NA
gaze s3,s3,563964,568925,face s1
gaze s3,s3,568925,569122,NA
gaze s3,s3,569122,571077,face s1
gaze s3,s3,571077,571762,NA
gaze s3,s3,571762,573348,face s1
gaze s3,s3,573348,573947,body s1
gaze s3,s3,573947,575776,face s1
gaze s3,s3,575776,576125,NA
gaze s3,s3,576127,576362,background wall
gaze s3,s3,576362,576724,NA
gaze s3,s3,576724,578205,face s1
gaze s3,s3,578205,578351,background floor
gaze s3,s3,578351,578928,face s1
gaze s3,s3,578928,579274,background wall
gaze s3,s3,579274,582014,face s1
gaze s3,s3,582014,582200,NA
gaze s3,s3,582200,583099,face s1
gaze s3,s3,583099,583531,face s2
gaze s3,s3,583531,584367,background wall
gaze s3,s3,584367,584948,face s1
gaze s3,s3,584948,585738,background down
gaze s3,s3,585738,586074,face s1
gaze s3,s3,586074,586364,background wall
gaze s3,s3,586367,587010,face s2
gaze s3,s3,587010,588761,face s1
gaze s3,s3,588761,589686,NA
gaze s3,s3,589686,592042,face s1
gaze s3,s3,592042,592764,body s1
gaze s3,s3,592764,593041,face s1
gaze s3,s3,593041,593968,face s2
gaze s3,s3,593968,595444,face s1
gaze s3,s3,595444,596128,background wall
gaze s3,s3,596128,596354,body s1
gaze s3,s3,596354,597360,face s1
gaze s3,s3,597360,600490,background down
gaze s3,s3,600490,604006,face s1
gaze s3,s3,604007,604560,background wall
gaze s3,s3,604560,605280,NA
gaze s3,s3,605280,608000,face s1
gaze s3,s3,608000,608129,face s2
gaze s3,s3,608129,608418,NA
gaze s3,s3,608418,609792,face s1
gaze s3,s3,609792,610118,background wall
gaze s3,s3,610118,615672,face s1
gaze s3,s3,615672,616683,NA
gaze s3,s3,616683,618135,face s1
gaze s3,s3,618135,619038,background floor
gaze s3,s3,619038,619771,NA
gaze s3,s3,619771,620476,
gaze s3,s3,620476,621439,face s1
gaze s3,s3,621439,621735,face s1
gaze s3,s3,621735,621849,face s1
gaze s3,s3,621849,622200,NA
gaze s3,s3,622200,622456,face s1
gaze s3,s3,622457,623322,NA
gaze s3,s3,623322,624796,face s1
gaze s3,s3,624796,624937,background eyes closed
gaze s3,s3,624937,626727,face s1
gaze s3,s3,626727,627361,background eyes closed
gaze s3,s3,627361,632201,face s1
gaze s3,s3,632201,632356,NA
gaze s3,s3,632356,635442,face s1
gaze s3,s3,635442,636005,NA
gaze s3,s3,636005,636170,face s2
gaze s3,s3,636171,636360,NA
gaze s3,s3,636360,637445,face s1
gaze s3,s3,637445,638529,face s2
gaze s3,s3,638529,641682,face s1
gaze s3,s3,641682,642451,background floor
gaze s3,s3,642451,643685,face s1
gaze s3,s3,643685,650292,background wall
gaze s3,s3,650292,651722,face s1
gaze s3,s3,651722,651963,NA
gaze s3,s3,651963,653238,background wall
gaze s3,s3,653238,653405,NA
gaze s3,s3,653405,654128,face s2
gaze s3,s3,654128,654325,NA
gaze s3,s3,654325,657242,face s1
gaze s3,s3,657243,657520,NA
gaze s3,s3,657520,659423,background wall
gaze s3,s3,659423,659812,face s1
gaze s3,s3,659813,660627,background floor
gaze s3,s3,660627,661453,face s1
gaze s3,s3,661455,661605,body s1
gaze s3,s3,661605,661807,NA
gaze s3,s3,661807,662362,background wall
gaze s3,s3,662363,663395,face s1
gaze s3,s3,663395,663687,background wall
gaze s3,s3,663687,664803,face s1
gaze s3,s3,664805,665327,NA
gaze s3,s3,665327,666203,face s1
gaze s3,s3,666203,666481,NA
gaze s3,s3,666481,666807,face s2
gaze s3,s3,666807,667067,NA
gaze s3,s3,667068,667240,background wall
gaze s3,s3,667242,667646,NA
gaze s3,s3,667647,668735,face s1
gaze s3,s3,668735,668857,body s1
gaze s3,s3,668858,669871,NA
gaze s3,s3,669871,670371,background own gestures
gaze s3,s3,670372,671285,face s1
gaze s3,s3,671285,671939,face s2
gaze s3,s3,671939,673454,face s1
gaze s3,s3,673454,674640,face s2
gaze s3,s3,674640,676620,background wall
gaze s3,s3,676620,677279,face s1
gaze s3,s3,677279,677599,NA
gaze s3,s3,677599,678241,face s1
gaze s3,s3,678241,679081,face s2
gaze s3,s3,679081,680172,face s1
gaze s3,s3,680172,680532,background wall
gaze s3,s3,680532,683478,face s1
gaze s3,s3,683478,683754,NA
gaze s3,s3,683754,683876,face s2
gaze s3,s3,683878,684269,NA
gaze s3,s3,684269,688293,face s1
gaze s3,s3,688293,688436,NA
gaze s3,s3,688436,690491,face s1
gaze s3,s3,690491,690914,NA
gaze s3,s3,690914,692409,face s1
gaze s3,s3,692409,692760,face s2
gaze s3,s3,692760,693517,face s1
gaze s3,s3,693517,694405,background floor
gaze s3,s3,694405,695324,face s1
gaze s3,s3,695324,696417,face s2
gaze s3,s3,696419,697927,face s1
gaze s3,s3,697927,698125,background wall
gaze s3,s3,698125,698685,face s1
gaze s3,s3,698685,699283,background wall
gaze s3,s3,699283,699653,face s1
gaze s3,s3,699653,700906,background down
gaze s3,s3,700906,701393,face s1
gaze s3,s3,701393,711804,face s2
gaze s3,s3,711804,714129,face s1
gaze s3,s3,714129,715200,face s2
gaze s3,s3,715200,716246,face s1
gaze s3,s3,716246,716685,body s1
gaze s3,s3,716685,717735,face s2
gaze s3,s3,717735,717886,NA
gaze s3,s3,717886,718793,face s1
gaze s3,s3,718793,719008,gestures s1
gaze s3,s3,719009,724898,face s2
gaze s3,s3,724898,726569,face s1
gaze s3,s3,726569,727738,background floor
gaze s3,s3,727738,728198,face s2
gaze s3,s3,728198,728967,face s1
gaze s3,s3,728967,729562,NA
gaze s3,s3,729562,730922,background wall
gaze s3,s3,730922,731370,face s1
gaze s3,s3,731371,733763,background down
gaze s3,s3,733763,739727,face s2
gaze s3,s3,739727,740086,body s2
gaze s3,s3,740086,748843,face s2
gaze s3,s3,748843,749163,background wall
gaze s3,s3,749163,750409,face s2
gaze s3,s3,750410,750655,background wall
gaze s3,s3,750655,750818,face s1
gaze s3,s3,750818,751296,background wall
gaze s3,s3,751296,751571,face s2
gaze s3,s3,751571,752086,NA
gaze s3,s3,752086,758618,face s2
gaze s3,s3,758618,760007,face s1
gaze s3,s3,760007,760203,background wall
gaze s3,s3,760203,760493,face s1
gaze s3,s3,760493,761481,NA
gaze s3,s3,761481,768051,face s2
gaze s3,s3,768052,769565,background own gestures
gaze s3,s3,769565,773046,face s2
gaze s3,s3,773046,773441,face s1
gaze s3,s3,773441,773599,NA
gaze s3,s3,773599,773912,background wall
gaze s3,s3,773912,774037,face s1
gaze s3,s3,774039,778246,face s2
gaze s3,s3,778246,779206,NA
gaze s3,s3,779207,782377,face s1
gaze s3,s3,782377,786076,face s2
gaze s3,s3,786076,789301,face s1
gaze s3,s3,789301,792243,face s2
gaze s3,s3,792246,792725,NA
gaze s3,s3,792728,794962,face s2
gaze s3,s3,794962,795603,NA
gaze s3,s3,795603,796164,face s1
gaze s3,s3,796164,796769,NA
gaze s3,s3,796769,797087,face s2
gaze s3,s3,797087,797525,background wall
gaze s3,s3,797525,798289,face s1
gaze s3,s3,798289,801408,background wall
gaze s3,s3,801408,809579,face s2
gaze s3,s3,809579,809843,background wall
gaze s3,s3,809843,810481,NA
gaze s3,s3,810483,811069,background wall
gaze s3,s3,811069,811604,body s1
gaze s3,s3,811604,812338,face s1
gaze s3,s3,812339,813004,face s2
gaze s3,s3,813004,814212,background wall
gaze s3,s3,814212,843125,face s2
gaze s3,s3,843125,843814,NA
gaze s3,s3,843814,845845,face s1
gaze s3,s3,845846,850121,face s2
gaze s3,s3,850121,850530,face s1
gaze s3,s3,850530,851525,NA
gaze s3,s3,851525,851723,background floor
gaze s3,s3,851723,853931,face s1
gaze s3,s3,853931,854441,body s1
gaze s3,s3,854441,856122,face s1
gaze s3,s3,856122,857607,background floor
gaze s3,s3,857609,861362,face s1
gaze s3,s3,861362,862004,NA
gaze s3,s3,862004,863526,background floor
gaze s3,s3,863526,864281,face s1
gaze s3,s3,864281,866444,background floor
gaze s3,s3,866444,867397,face s1
gaze s3,s3,867397,868202,background wall
gaze s3,s3,868202,868524,face s2
gaze s3,s3,868525,869005,background down
gaze s3,s3,869005,869847,face s1
gaze s3,s3,869847,870082,background wall
gaze s3,s3,870084,870357,NA
gaze s3,s3,870357,874326,face s1
gaze s3,s3,874326,875273,background wall
gaze s3,s3,875273,875853,face s1
gaze s3,s3,875853,876005,background wall
gaze s3,s3,876005,876282,face s1
gaze s3,s3,876282,876880,background wall
gaze s3,s3,876880,877284,face s1
gaze s3,s3,877284,878897,body s1
gaze s3,s3,878897,879603,background floor
gaze s3,s3,879603,880364,face s1
gaze s3,s3,880364,882828,background wall
gaze s3,s3,882828,883534,face s1
gaze s3,s3,883534,884121,background wall
gaze s3,s3,884121,884943,face s1
gaze s3,s3,884943,886366,background wall
gaze s3,s3,886366,887126,background floor
gaze s3,s3,887126,891726,face s2
gaze s3,s3,891726,892246,NA
gaze s3,s3,892246,892808,background wall
gaze s3,s3,892808,893329,face s1
gaze s3,s3,893329,899361,face s2
gaze s3,s3,899361,899758,NA
gaze s3,s3,899758,900130,face s1
gaze s3,s3,900130,900489,background wall
gaze s3,s3,900489,904243,face s1
gaze s3,s3,904243,907659,face s2
gaze s3,s3,907660,908093,face s1
gaze s3,s3,908093,910915,face s2
gaze s3,s3,910915,913939,face s1
gaze s3,s3,913939,915118,background wall
gaze s3,s3,915118,916602,face s1
gaze s3,s3,916602,922648,background wall
gaze s3,s3,922649,924201,NA
gaze s3,s3,924201,928202,face s1
gaze s3,s3,928202,928652,NA
gaze s3,s3,928652,936395,face s1
gaze s3,s3,936395,936519,body s1
gaze s3,s3,936519,937124,face s1
gaze s3,s3,937127,938008,NA
gaze s3,s3,938009,939996,face s1
gaze s3,s3,939996,940683,NA
gaze s3,s3,940683,941376,background wall
gaze s3,s3,941376,942599,face s1
gaze s3,s3,942599,942925,background wall
gaze s3,s3,942925,944079,face s2
gaze s3,s3,944079,944718,background wall
gaze s3,s3,944718,945835,face s1
gaze s3,s3,945835,946482,background wall
gaze s3,s3,946482,946807,face s1
gaze s3,s3,946807,947818,background wall
gaze s3,s3,947818,949098,face s1
gaze s3,s3,949098,949445,background wall
gaze s3,s3,949445,949721,face s2
gaze s3,s3,949721,951798,face s1
gaze s3,s3,951798,952891,background floor
gaze s3,s3,952891,959522,face s1
gaze s3,s3,959522,959840,background wall
gaze s3,s3,959840,969486,face s1
gaze s3,s3,969486,970240,background wall
gaze s3,s3,970240,974402,face s1
gaze s3,s3,974402,975805,background wall
gaze s3,s3,975807,976820,face s1
gaze s3,s3,976820,977492,background floor
gaze s3,s3,977492,978054,face s1
gaze s3,s3,978054,978489,background wall
gaze s3,s3,978489,979052,NA
gaze s3,s3,979052,983671,face s1
gaze s3,s3,983671,984052,face s2
gaze s3,s3,984052,986568,face s1
gaze s3,s3,986568,987207,background wall
gaze s3,s3,987207,1005295,face s1
gaze s3,s3,1005295,1005802,NA
gaze s3,s3,1005802,1010738,face s1
gaze s3,s3,1010738,1011602,NA
gaze s3,s3,1011602,1015287,face s1
gaze s3,s3,1015287,1016656,background wall
gaze s3,s3,1016656,1017043,NA
gaze s3,s3,1017043,1018440,face s1
gaze s3,s3,1018440,1019040,NA
gaze s3,s3,1019040,1019644,face s1
gaze s3,s3,1019646,1020042,NA
gaze s3,s3,1020042,1021528,background floor
gaze s3,s3,1021528,1022439,face s1
gaze s3,s3,1022439,1023015,body s1
gaze s3,s3,1023015,1023672,face s1
gaze s3,s3,1023672,1024329,body s1
gaze s3,s3,1024329,1027684,face s1
gaze s3,s3,1027684,1028158,background wall
gaze s3,s3,1028158,1029707,face s1
gaze s3,s3,1029710,1030935,face s2
gaze s3,s3,1030935,1031483,face s1
gaze s3,s3,1031483,1031765,face s2
gaze s3,s3,1031765,1049969,face s1
gaze s3,s3,1049969,1050645,NA
gaze s3,s3,1050645,1051438,background wall
gaze s3,s3,1051438,1053684,face s1
gaze s3,s3,1053684,1055612,background down
gaze s3,s3,1055613,1059242,face s1
gaze s3,s3,1059242,1059364,background wall
gaze s3,s3,1059364,1059775,NA
gaze s3,s3,1059776,1062119,face s1
gaze s3,s3,1062119,1062362,NA
gaze s3,s3,1062362,1065323,background wall
gaze s3,s3,1065323,1065442,NA
gaze s3,s3,1065443,1076239,face s1
gaze s3,s3,1076239,1077361,body s1
gaze s3,s3,1077362,1080438,face s1
gaze s3,s3,1080438,1081764,background wall
gaze s3,s3,1081764,1082701,face s1
gaze s3,s3,1082701,1083089,body s1
gaze s3,s3,1083089,1084796,face s1
gaze s3,s3,1084796,1085125,face s2
gaze s3,s3,1085125,1087653,face s1
gaze s3,s3,1087653,1088678,background camera
gaze s3,s3,1088678,1091093,face s1
gaze s3,s3,1091096,1091567,face s2
gaze s3,s3,1091567,1092881,face s1
gaze s3,s3,1092881,1093135,body s1
gaze s3,s3,1093136,1093603,face s1
gaze s3,s3,1093603,1095768,background camera
gaze s3,s3,1095769,1096405,background wall
gaze s3,s3,1096405,1096541,body s1
gaze s3,s3,1096543,1096848,face s1
gaze s3,s3,1096848,1097104,body s1
gaze s3,s3,1097104,1103136,face s1
gaze s3,s3,1103136,1103260,background wall
gaze s3,s3,1103260,1103649,NA
gaze s3,s3,1103649,1104175,face s1
gaze s3,s3,1104175,1105098,face s2
gaze s3,s3,1105098,1108053,face s1
gaze s3,s3,1108054,1108724,background wall
gaze s3,s3,1108724,1109083,NA
gaze s3,s3,1109083,1109810,face s1
gaze s3,s3,1109810,1110337,body s1
gaze s3,s3,1110337,1111205,face s1
gaze s3,s3,1111205,1111760,body s1
gaze s3,s3,1111760,1128293,face s1
gaze s3,s3,1128295,1128682,background wall
gaze s3,s3,1128682,1133930,face s1
gaze s3,s3,1133930,1134279,background wall
gaze s3,s3,1134279,1134401,NA
gaze s3,s3,1134401,1137375,face s1
gaze s3,s3,1137375,1137768,face s2
gaze s3,s3,1137768,1138121,background floor
gaze s3,s3,1138121,1142726,face s1
gaze s3,s3,1142726,1143971,background wall
gaze s3,s3,1143971,1144285,body s1
gaze s3,s3,1144285,1147660,face s1
gaze s3,s3,1147660,1149295,face s2
gaze s3,s3,1149295,1149644,background floor
gaze s3,s3,1149644,1156840,face s1
gaze s3,s3,1156840,1159687,face s2
gaze s3,s3,1159690,1165656,face s1
gaze s3,s3,1165656,1166482,background wall
gaze s3,s3,1166482,1166692,body s1
gaze s3,s3,1166692,1166886,face s1
gaze s3,s3,1166886,1167935,NA
gaze s3,s3,1167935,1168648,face s2
gaze s3,s3,1168648,1173281,face s1
gaze s3,s3,1173281,1173401,NA
gaze s3,s3,1173402,1174764,background floor
gaze s3,s3,1174764,1175282,face s1
gaze s3,s3,1175282,1175885,NA
gaze s3,s3,1175885,1176245,background wall
gaze s3,s3,1176245,1176711,body s1
gaze s3,s3,1176711,1178042,face s1
gaze s3,s3,1178042,1180442,face s2
gaze s3,s3,1180442,1180757,body s2
gaze s3,s3,1180757,1191764,face s2
gaze s3,s3,1191764,1193160,face s1
gaze s3,s3,1193160,1195927,face s2
gaze s3,s3,1195927,1197605,face s1
gaze s3,s3,1197605,1198525,NA
gaze s3,s3,1198526,1199492,face s1
